scale,instance_idx,pref_id,w1,w2,satellite_id,task_id,start,end,duration,priority,is_emergency,original_scheduled
s8_n400,9,0,1.0,0.0,6,13,493.0,512.0,19.0,6.313229943578222,False,False
s8_n400,9,0,1.0,0.0,6,141,742.0,764.0,22.0,6.226371250694131,False,False
s8_n400,9,0,1.0,0.0,0,216,474.0,506.0,32.0,9.20934733082735,False,False
s8_n400,9,0,1.0,0.0,0,171,645.0,660.0,15.0,9.925731469678077,False,False
s8_n400,9,0,1.0,0.0,0,237,885.0,902.0,17.0,7.370381231329392,False,False
s8_n400,9,0,1.0,0.0,0,247,905.527791595459,920.527791595459,15.0,9.767674064402062,False,True
s8_n400,9,0,1.0,0.0,3,207,189.0,207.0,18.0,6.102634737950009,False,True
s8_n400,9,0,1.0,0.0,3,80,259.0,284.0,25.0,7.9700800430536685,False,True
s8_n400,9,0,1.0,0.0,2,236,237.0,266.0,29.0,9.239392466265194,False,True
s8_n400,9,0,1.0,0.0,6,55,776.5474702990093,798.5474702990093,22.0,9.002806335202258,False,False
s8_n400,9,0,1.0,0.0,5,235,330.0,372.0,42.0,8.733156516788577,False,True
s8_n400,9,0,1.0,0.0,0,229,1046.0,1082.0,36.0,8.968169956163319,False,True
s8_n400,9,0,1.0,0.0,2,239,274.72819194793703,308.72819194793703,34.0,6.46133264175788,False,True
s8_n400,9,0,1.0,0.0,7,159,22.0,44.0,22.0,6.308681465319681,False,True
s8_n400,9,0,1.0,0.0,3,108,286.0907136917114,302.0907136917114,16.0,9.342698634643044,False,True
s8_n400,9,0,1.0,0.0,3,221,1241.0,1266.0,25.0,8.027439422752416,False,False
s8_n400,9,0,1.0,0.0,3,39,1271.0,1295.0,24.0,6.850347500771226,False,False
s8_n400,9,0,1.0,0.0,3,23,1448.0,1471.0,23.0,9.774734476926028,False,False
s8_n400,9,0,1.0,0.0,3,220,1780.0,1802.0,22.0,9.69757233768817,False,False
s8_n400,9,0,1.0,0.0,6,209,1246.0,1271.0,25.0,8.151074000023314,False,False
s8_n400,9,0,1.0,0.0,6,190,1285.6413044189028,1308.6413044189028,23.0,8.219993301672014,False,False
s8_n400,9,0,1.0,0.0,4,12,489.0,524.0,35.0,9.089501648048085,False,False
s8_n400,9,0,1.0,0.0,5,199,965.0,993.0,28.0,8.19722379228924,False,False
s8_n400,9,0,1.0,0.0,3,206,1864.0,1880.0,16.0,9.142073676938024,False,False
s8_n400,9,0,1.0,0.0,3,354,2040.0,2065.0,25.0,8.303014223611447,True,False
s8_n400,9,0,1.0,0.0,6,134,1312.9863261015041,1352.9863261015041,40.0,9.983237339199523,False,False
s8_n400,9,0,1.0,0.0,6,288,1522.0,1541.0,19.0,8.728568608102293,False,False
s8_n400,9,0,1.0,0.0,7,62,303.0,319.0,16.0,4.459982938933999,False,True
s8_n400,9,0,1.0,0.0,7,149,532.0,549.0,17.0,8.587721086498338,False,False
s8_n400,9,0,1.0,0.0,7,280,733.0,754.0,21.0,8.208674857726106,False,False
s8_n400,9,0,1.0,0.0,3,14,2066.847469329834,2081.847469329834,15.0,8.935366993671323,False,False
s8_n400,9,0,1.0,0.0,6,64,1590.0,1621.0,31.0,8.152499299762765,False,False
s8_n400,9,0,1.0,0.0,6,110,1751.0,1766.0,15.0,9.620954205335174,False,False
s8_n400,9,0,1.0,0.0,0,56,1092.245821762085,1115.245821762085,23.0,7.385759828212739,False,False
s8_n400,9,0,1.0,0.0,3,299,2139.0,2168.0,29.0,7.565648918339558,True,False
s8_n400,9,0,1.0,0.0,4,99,526.3931365966797,564.3931365966797,38.0,9.63971181018958,False,True
s8_n400,9,0,1.0,0.0,2,268,705.0,739.0,34.0,8.439158353883041,False,False
s8_n400,9,0,1.0,0.0,2,261,794.0,819.0,25.0,6.713823542134304,False,False
s8_n400,9,0,1.0,0.0,2,252,1092.0,1113.0,21.0,6.34891743499303,False,False
s8_n400,9,0,1.0,0.0,5,52,1551.0,1580.0,29.0,8.619436500493208,False,False
s8_n400,9,0,1.0,0.0,1,2,959.0,982.0,23.0,9.923632132114937,False,False
s8_n400,9,0,1.0,0.0,1,21,984.4574387848377,1020.4574387848377,36.0,9.268824860483834,False,False
s8_n400,9,0,1.0,0.0,1,32,1022.5620862960815,1038.5620862960814,15.999999999999886,7.879202051515812,False,False
s8_n400,9,0,1.0,0.0,1,242,1204.0,1222.0,18.0,7.341398939687819,False,False
s8_n400,9,0,1.0,0.0,6,183,1767.9814204498273,1784.9814204498273,17.0,7.349011005468564,False,False
s8_n400,9,0,1.0,0.0,7,111,759.0646243095398,781.0646243095398,22.0,7.05280171392589,False,True
s8_n400,9,0,1.0,0.0,2,95,1125.0,1155.0,30.0,8.493004624290862,False,False
s8_n400,9,0,1.0,0.0,4,30,1331.0,1371.0,40.0,9.195187068757972,False,False
s8_n400,9,0,1.0,0.0,4,292,1884.0,1919.0,35.0,9.10287553320218,False,False
s8_n400,9,0,1.0,0.0,4,352,2066.0,2086.0,20.0,7.966789027740229,True,False
s8_n400,9,0,1.0,0.0,5,147,2141.0,2158.0,17.0,9.025962909008253,False,False
s8_n400,9,0,1.0,0.0,1,15,1603.0,1624.0,21.0,8.987271821297691,False,False
s8_n400,9,0,1.0,0.0,1,103,1814.0,1840.0,26.0,8.41514394464674,False,False
s8_n400,9,0,1.0,0.0,1,296,2199.0,2218.0,19.0,8.44915212411294,True,False
s8_n400,9,0,1.0,0.0,1,150,2375.0,2409.0,34.0,8.479837623718375,False,False
s8_n400,9,0,1.0,0.0,2,96,1249.0,1283.0,34.0,7.73618988585844,False,False
s8_n400,9,0,1.0,0.0,7,73,1130.0,1150.0,20.0,6.404083875993596,False,False
s8_n400,9,0,1.0,0.0,7,34,1179.0,1213.0,34.0,8.438529749747197,False,False
s8_n400,9,0,1.0,0.0,5,316,2170.0,2210.0,40.0,9.186776849300848,True,False
s8_n400,9,0,1.0,0.0,5,341,2468.0,2491.0,23.0,8.00463245732983,True,False
s8_n400,9,0,1.0,0.0,5,342,2536.0,2562.0,26.0,8.323963915512177,True,False
s8_n400,9,0,1.0,0.0,5,326,2567.0125799179077,2582.0125799179077,15.0,8.693522248568346,True,False
s8_n400,9,0,1.0,0.0,4,234,2089.104743564129,2104.104743564129,15.0,9.609480543280911,False,False
s8_n400,9,0,1.0,0.0,2,83,1487.0,1502.0,15.0,3.467309559875579,False,False
s8_n400,9,0,1.0,0.0,4,192,2627.0,2656.0,29.0,8.866733669979618,False,False
s8_n400,9,0,1.0,0.0,4,307,3169.0,3186.0,17.0,7.493005822704397,True,False
s8_n400,9,0,1.0,0.0,7,155,1855.0,1885.0,30.0,7.922270760947424,False,False
s8_n400,9,0,1.0,0.0,7,92,2081.0,2112.0,31.0,7.00130500118533,False,True
s8_n400,9,0,1.0,0.0,7,381,2143.0,2165.0,22.0,5.278803265637639,True,False
s8_n400,9,0,1.0,0.0,1,208,2517.0,2557.0,40.0,9.055130491557708,False,True
s8_n400,9,0,1.0,0.0,5,336,2589.622283554077,2608.622283554077,19.0,8.189876573815905,True,False
s8_n400,9,0,1.0,0.0,0,9,1490.0,1510.0,20.0,6.838369365579364,False,True
s8_n400,9,0,1.0,0.0,0,167,1554.0,1590.0,36.0,8.078146295039009,False,False
s8_n400,9,0,1.0,0.0,0,283,1918.0,1960.0,42.0,9.889483246787826,False,False
s8_n400,9,0,1.0,0.0,2,351,3298.0,3313.0,15.0,5.856202895102196,True,False
s8_n400,9,1,0.75,0.25,6,46,73.0,118.0,45.0,7.206099624076302,False,True
s8_n400,9,1,0.75,0.25,0,255,161.0,195.0,34.0,5.229878542798582,False,True
s8_n400,9,1,0.75,0.25,0,235,330.0,372.0,42.0,8.733156516788577,False,True
s8_n400,9,1,0.75,0.25,2,239,158.0,192.0,34.0,6.46133264175788,False,True
s8_n400,9,1,0.75,0.25,2,178,198.32109508514404,247.32109508514404,49.0,6.417029896171362,False,True
s8_n400,9,1,0.75,0.25,3,207,189.0,207.0,18.0,6.102634737950009,False,True
s8_n400,9,1,0.75,0.25,6,79,169.0,221.0,52.0,7.696915507067875,False,True
s8_n400,9,1,0.75,0.25,7,159,22.0,44.0,22.0,6.308681465319681,False,True
s8_n400,9,1,0.75,0.25,0,247,386.0,401.0,15.0,9.767674064402062,False,True
s8_n400,9,1,0.75,0.25,3,80,259.0,284.0,25.0,7.9700800430536685,False,True
s8_n400,9,1,0.75,0.25,5,274,33.0,84.0,51.0,9.226802889777801,False,True
s8_n400,9,1,0.75,0.25,7,62,303.0,319.0,16.0,4.459982938933999,False,True
s8_n400,9,1,0.75,0.25,2,166,353.0,404.0,51.0,7.45615577079997,False,True
s8_n400,9,1,0.75,0.25,4,229,304.0,340.0,36.0,8.968169956163319,False,True
s8_n400,9,1,0.75,0.25,0,171,645.0,660.0,15.0,9.925731469678077,False,False
s8_n400,9,1,0.75,0.25,0,14,661.8714277267457,676.8714277267457,15.0,8.935366993671323,False,False
s8_n400,9,1,0.75,0.25,2,236,411.271398639679,440.271398639679,29.0,9.239392466265194,False,True
s8_n400,9,1,0.75,0.25,6,92,517.0,548.0,31.0,7.00130500118533,False,True
s8_n400,9,1,0.75,0.25,0,237,885.0,902.0,17.0,7.370381231329392,False,False
s8_n400,9,1,0.75,0.25,4,99,342.63812770843504,380.63812770843504,38.0,9.63971181018958,False,True
s8_n400,9,1,0.75,0.25,3,108,286.0907136917114,302.0907136917114,16.0,9.342698634643044,False,True
s8_n400,9,1,0.75,0.25,2,218,444.41262688636783,479.41262688636783,35.0,7.888731496572947,False,True
s8_n400,9,1,0.75,0.25,7,111,330.00470809936525,352.00470809936525,22.0,7.05280171392589,False,True
s8_n400,9,1,0.75,0.25,0,128,905.1711969852447,946.1711969852447,41.0,8.518343845438459,False,True
s8_n400,9,1,0.75,0.25,5,36,88.60498886108398,106.60498886108398,18.0,2.1450106090126884,False,True
s8_n400,9,1,0.75,0.25,4,60,382.1145475387573,397.1145475387573,15.0,1.4445812616133877,False,True
s8_n400,9,1,0.75,0.25,6,208,555.9865846303408,595.9865846303408,40.0,9.055130491557708,False,True
s8_n400,9,1,0.75,0.25,2,206,1341.0,1357.0,16.0,9.142073676938024,False,False
s8_n400,9,1,0.75,0.25,2,23,1488.0,1511.0,23.0,9.774734476926028,False,False
s8_n400,9,1,0.75,0.25,3,149,532.0,549.0,17.0,8.587721086498338,False,False
s8_n400,9,1,0.75,0.25,4,148,673.0,730.0,57.0,7.8271309787453855,False,True
s8_n400,9,1,0.75,0.25,4,234,818.0,833.0,15.0,9.609480543280911,False,False
s8_n400,9,1,0.75,0.25,6,49,606.9648939782188,622.9648939782188,16.0,1.8785918722133936,False,True
s8_n400,9,1,0.75,0.25,0,151,947.115252161026,967.115252161026,20.0,3.8888162812325224,False,True
s8_n400,9,1,0.75,0.25,3,221,1241.0,1266.0,25.0,8.027439422752416,False,False
s8_n400,9,1,0.75,0.25,3,220,1780.0,1802.0,22.0,9.69757233768817,False,False
s8_n400,9,1,0.75,0.25,3,308,2164.0,2179.0,15.0,8.662606363637611,True,False
s8_n400,9,1,0.75,0.25,3,354,2179.6664673805235,2204.6664673805235,25.0,8.303014223611447,True,False
s8_n400,9,1,0.75,0.25,7,9,355.812237739563,375.812237739563,20.0,6.838369365579364,False,True
s8_n400,9,1,0.75,0.25,1,2,959.0,982.0,23.0,9.923632132114937,False,False
s8_n400,9,1,0.75,0.25,1,32,986.5620862960816,1002.5620862960816,16.0,7.879202051515812,False,False
s8_n400,9,1,0.75,0.25,1,110,1465.0,1480.0,15.0,9.620954205335174,False,False
s8_n400,9,1,0.75,0.25,1,280,1488.9672954559326,1509.9672954559326,21.0,8.208674857726106,False,False
s8_n400,9,1,0.75,0.25,1,288,1735.0,1754.0,19.0,8.728568608102293,False,False
s8_n400,9,1,0.75,0.25,1,15,1754.834813117981,1775.834813117981,21.0,8.987271821297691,False,False
s8_n400,9,1,0.75,0.25,6,55,630.0732291412093,652.0732291412093,22.0,9.002806335202258,False,False
s8_n400,9,1,0.75,0.25,3,329,2300.0,2322.0,22.0,7.081954027418771,True,False
s8_n400,9,1,0.75,0.25,1,296,2199.0,2218.0,19.0,8.44915212411294,True,False
s8_n400,9,1,0.75,0.25,3,376,2573.0,2588.0,15.0,9.407089550788005,True,False
s8_n400,9,1,0.75,0.25,3,394,2643.0,2664.0,21.0,8.516290269199143,True,False
s8_n400,9,1,0.75,0.25,3,398,2671.6366868972777,2686.6366868972777,15.0,5.661338956999723,True,False
s8_n400,9,1,0.75,0.25,4,66,843.150386428833,879.150386428833,36.0,4.204260783859674,False,True
s8_n400,9,1,0.75,0.25,4,209,889.6062580108643,914.6062580108643,25.0,8.151074000023314,False,False
s8_n400,9,1,0.75,0.25,5,76,108.45498619079589,166.4549861907959,58.0,5.7551639012094435,False,True
s8_n400,9,1,0.75,0.25,6,190,1254.0,1277.0,23.0,8.219993301672014,False,False
s8_n400,9,1,0.75,0.25,7,147,1845.0,1862.0,17.0,9.025962909008253,False,False
s8_n400,9,1,0.75,0.25,7,183,1872.55287399292,1889.55287399292,17.0,7.349011005468564,False,False
s8_n400,9,1,0.75,0.25,0,326,2451.0,2466.0,15.0,8.693522248568346,True,False
s8_n400,9,1,0.75,0.25,5,13,493.0,512.0,19.0,6.313229943578222,False,False
s8_n400,9,1,0.75,0.25,0,336,3051.0,3070.0,19.0,8.189876573815905,True,False
s8_n400,9,1,0.75,0.25,7,103,1889.5634695887566,1915.5634695887566,26.0,8.41514394464674,False,False
s8_n400,9,1,0.75,0.25,5,199,965.0,993.0,28.0,8.19722379228924,False,False
s8_n400,9,1,0.75,0.25,5,52,1551.0,1580.0,29.0,8.619436500493208,False,False
s8_n400,9,1,0.75,0.25,5,341,2468.0,2491.0,23.0,8.00463245732983,True,False
s8_n400,9,1,0.75,0.25,1,265,2231.0,2264.0,33.0,3.333392031644234,False,True
s8_n400,9,1,0.75,0.25,7,155,1926.6215556025504,1956.6215556025504,30.0,7.922270760947424,False,False
s8_n400,9,1,0.75,0.25,7,338,2891.0,2914.0,23.0,9.702848906425384,True,False
s8_n400,9,1,0.75,0.25,7,306,3039.0,3055.0,16.0,6.307375877284279,True,False
s8_n400,9,1,0.75,0.25,7,332,3066.024320983887,3096.024320983887,30.0,9.10685454482287,True,False
s8_n400,9,1,0.75,0.25,1,150,2375.0,2409.0,34.0,8.479837623718375,False,False
s8_n400,9,1,0.75,0.25,1,343,3245.0,3273.0,28.0,8.37656943904345,True,False
s8_n400,9,1,0.75,0.25,4,307,3169.0,3186.0,17.0,7.493005822704397,True,False
s8_n400,9,2,0.5,0.5,6,46,73.0,118.0,45.0,7.206099624076302,False,True
s8_n400,9,2,0.5,0.5,6,49,249.0,265.0,16.0,1.8785918722133936,False,True
s8_n400,9,2,0.5,0.5,2,36,81.0,99.0,18.0,2.1450106090126884,False,True
s8_n400,9,2,0.5,0.5,2,239,158.0,192.0,34.0,6.46133264175788,False,True
s8_n400,9,2,0.5,0.5,2,76,198.86559467315675,256.86559467315675,58.0,5.7551639012094435,False,True
s8_n400,9,2,0.5,0.5,0,255,161.0,195.0,34.0,5.229878542798582,False,True
s8_n400,9,2,0.5,0.5,5,235,330.0,372.0,42.0,8.733156516788577,False,True
s8_n400,9,2,0.5,0.5,2,178,265.9354684829712,314.9354684829712,49.0,6.417029896171362,False,True
s8_n400,9,2,0.5,0.5,3,207,189.0,207.0,18.0,6.102634737950009,False,True
s8_n400,9,2,0.5,0.5,0,60,338.0,353.0,15.0,1.4445812616133877,False,True
s8_n400,9,2,0.5,0.5,3,256,228.0,286.0,58.0,6.269520568490604,False,True
s8_n400,9,2,0.5,0.5,1,274,33.0,84.0,51.0,9.226802889777801,False,True
s8_n400,9,2,0.5,0.5,3,80,293.4589780807495,318.4589780807495,25.0,7.9700800430536685,False,True
s8_n400,9,2,0.5,0.5,1,166,132.0,183.0,51.0,7.45615577079997,False,True
s8_n400,9,2,0.5,0.5,2,79,325.3184854507446,377.3184854507446,52.0,7.696915507067875,False,True
s8_n400,9,2,0.5,0.5,7,159,22.0,44.0,22.0,6.308681465319681,False,True
s8_n400,9,2,0.5,0.5,6,148,272.4359331558431,329.4359331558431,57.0,7.8271309787453855,False,True
s8_n400,9,2,0.5,0.5,7,62,303.0,319.0,16.0,4.459982938933999,False,True
s8_n400,9,2,0.5,0.5,0,66,357.1950485229492,393.1950485229492,36.0,4.204260783859674,False,True
s8_n400,9,2,0.5,0.5,4,229,304.0,340.0,36.0,8.968169956163319,False,True
s8_n400,9,2,0.5,0.5,2,236,380.34341311454773,409.34341311454773,29.0,9.239392466265194,False,True
s8_n400,9,2,0.5,0.5,0,247,394.9515001296997,409.9515001296997,15.0,9.767674064402062,False,True
s8_n400,9,2,0.5,0.5,0,251,752.0,803.0,51.0,3.992791752555502,False,True
s8_n400,9,2,0.5,0.5,0,128,803.7451469421387,844.7451469421387,41.0,8.518343845438459,False,True
s8_n400,9,2,0.5,0.5,6,218,342.8486130136289,377.8486130136289,35.0,7.888731496572947,False,True
s8_n400,9,2,0.5,0.5,6,92,517.0,548.0,31.0,7.00130500118533,False,True
s8_n400,9,2,0.5,0.5,4,99,342.63812770843504,380.63812770843504,38.0,9.63971181018958,False,True
s8_n400,9,2,0.5,0.5,3,108,320.5496917724609,336.5496917724609,16.0,9.342698634643044,False,True
s8_n400,9,2,0.5,0.5,7,104,329.28178520202636,385.28178520202636,56.0,4.833307445141376,False,True
s8_n400,9,2,0.5,0.5,1,111,241.0,263.0,22.0,7.05280171392589,False,True
s8_n400,9,2,0.5,0.5,5,84,373.3967161178589,406.3967161178589,33.0,2.300292392952773,False,True
s8_n400,9,2,0.5,0.5,4,224,381.9708890914917,413.9708890914917,32.0,3.2769396315346824,False,True
s8_n400,9,2,0.5,0.5,6,208,555.9865846303408,595.9865846303408,40.0,9.055130491557708,False,True
s8_n400,9,2,0.5,0.5,0,151,845.68920211792,865.68920211792,20.0,3.8888162812325224,False,True
s8_n400,9,2,0.5,0.5,4,6,423.13289432525636,457.13289432525636,34.0,2.5810841539548743,False,True
s8_n400,9,2,0.5,0.5,3,152,339.31874122619627,379.31874122619627,40.0,4.641040552662293,False,True
s8_n400,9,2,0.5,0.5,4,9,461.0058439254761,481.0058439254761,20.0,6.838369365579364,False,True
s8_n400,9,2,0.5,0.5,4,272,484.9742497444153,544.9742497444154,60.00000000000006,6.711019072442262,False,True
s8_n400,9,2,0.5,0.5,7,265,1568.0,1601.0,33.0,3.333392031644234,False,True
s8_n400,9,2,0.5,0.5,7,147,1845.0,1862.0,17.0,9.025962909008253,False,False
s8_n400,9,2,0.5,0.5,7,110,1872.5312732696534,1887.5312732696534,15.0,9.620954205335174,False,False
s8_n400,9,2,0.5,0.5,1,149,1389.0,1406.0,17.0,8.587721086498338,False,False
s8_n400,9,2,0.5,0.5,4,234,818.0,833.0,15.0,9.609480543280911,False,False
s8_n400,9,2,0.5,0.5,1,16,2298.0,2339.0,41.0,3.5186624445405505,False,True
s8_n400,9,2,0.5,0.5,3,23,1448.0,1471.0,23.0,9.774734476926028,False,False
s8_n400,9,2,0.5,0.5,3,171,1778.0,1793.0,15.0,9.925731469678077,False,False
s8_n400,9,2,0.5,0.5,3,14,1884.0,1899.0,15.0,8.935366993671323,False,False
s8_n400,9,2,0.5,0.5,3,206,1905.1886573791503,1921.1886573791503,16.0,9.142073676938024,False,False
s8_n400,9,2,0.5,0.5,0,237,885.0,902.0,17.0,7.370381231329392,False,False
s8_n400,9,2,0.5,0.5,1,254,2425.0,2465.0,40.0,2.685484860850811,False,True
s8_n400,9,2,0.5,0.5,7,288,1887.5936998069287,1906.5936998069287,19.0,8.728568608102293,False,False
s8_n400,9,2,0.5,0.5,7,55,3097.0,3119.0,22.0,9.002806335202258,False,False
s8_n400,9,2,0.5,0.5,7,338,3125.5182247161865,3148.5182247161865,23.0,9.702848906425384,True,False
s8_n400,9,2,0.5,0.5,5,227,1283.0,1329.0,46.0,2.507541491419536,False,True
s8_n400,9,2,0.5,0.5,5,280,1369.0,1390.0,21.0,8.208674857726106,False,False
s8_n400,9,2,0.5,0.5,5,326,2312.0,2327.0,15.0,8.693522248568346,True,False
s8_n400,9,2,0.5,0.5,5,341,2468.0,2491.0,23.0,8.00463245732983,True,False
s8_n400,9,2,0.5,0.5,5,336,2572.0,2591.0,19.0,8.189876573815905,True,False
s8_n400,9,2,0.5,0.5,5,317,3006.0,3028.0,22.0,9.393573768186917,True,False
s8_n400,9,2,0.5,0.5,5,242,3430.0,3448.0,18.0,7.341398939687819,False,False
s8_n400,9,2,0.5,0.5,7,306,3157.7806911468506,3173.7806911468506,16.0,6.307375877284279,True,False
s8_n400,9,2,0.5,0.5,6,107,1851.0,1867.0,16.0,5.063131710430637,False,False
s8_n400,9,3,0.25,0.75,2,36,81.0,99.0,18.0,2.1450106090126884,False,True
s8_n400,9,3,0.25,0.75,2,76,162.0,220.0,58.0,5.7551639012094435,False,True
s8_n400,9,3,0.25,0.75,6,46,73.0,118.0,45.0,7.206099624076302,False,True
s8_n400,9,3,0.25,0.75,6,49,249.0,265.0,16.0,1.8785918722133936,False,True
s8_n400,9,3,0.25,0.75,2,239,226.86559467315675,260.86559467315675,34.0,6.46133264175788,False,True
s8_n400,9,3,0.25,0.75,3,256,228.0,286.0,58.0,6.269520568490604,False,True
s8_n400,9,3,0.25,0.75,5,235,330.0,372.0,42.0,8.733156516788577,False,True
s8_n400,9,3,0.25,0.75,2,178,267.1866897583008,316.1866897583008,49.0,6.417029896171362,False,True
s8_n400,9,3,0.25,0.75,3,207,292.8496753692627,310.8496753692627,18.0,6.102634737950009,False,True
s8_n400,9,3,0.25,0.75,0,255,161.0,195.0,34.0,5.229878542798582,False,True
s8_n400,9,3,0.25,0.75,1,166,132.0,183.0,51.0,7.45615577079997,False,True
s8_n400,9,3,0.25,0.75,4,60,338.0,353.0,15.0,1.4445812616133877,False,True
s8_n400,9,3,0.25,0.75,2,84,413.0,446.0,33.0,2.300292392952773,False,True
s8_n400,9,3,0.25,0.75,1,274,189.14740371704102,240.14740371704102,51.0,9.226802889777801,False,True
s8_n400,9,3,0.25,0.75,5,79,373.3149457931519,425.3149457931519,52.0,7.696915507067875,False,True
s8_n400,9,3,0.25,0.75,1,80,259.0,284.0,25.0,7.9700800430536685,False,True
s8_n400,9,3,0.25,0.75,7,159,22.0,44.0,22.0,6.308681465319681,False,True
s8_n400,9,3,0.25,0.75,0,228,218.0,263.0,45.0,2.457898777487911,False,True
s8_n400,9,3,0.25,0.75,4,229,355.99714756011963,391.99714756011963,36.0,8.968169956163319,False,True
s8_n400,9,3,0.25,0.75,7,104,294.0,350.0,56.0,4.833307445141376,False,True
s8_n400,9,3,0.25,0.75,7,62,360.28178520202636,376.28178520202636,16.0,4.459982938933999,False,True
s8_n400,9,3,0.25,0.75,5,251,430.6160669326782,481.6160669326782,51.0,3.992791752555502,False,True
s8_n400,9,3,0.25,0.75,6,148,272.4359331558431,329.4359331558431,57.0,7.8271309787453855,False,True
s8_n400,9,3,0.25,0.75,6,50,341.82458920645473,385.82458920645473,44.0,3.0268150659673863,False,True
s8_n400,9,3,0.25,0.75,4,224,395.9680366516113,427.9680366516113,32.0,3.2769396315346824,False,True
s8_n400,9,3,0.25,0.75,0,66,295.0,331.0,36.0,4.204260783859674,False,True
s8_n400,9,3,0.25,0.75,6,92,517.0,548.0,31.0,7.00130500118533,False,True
s8_n400,9,3,0.25,0.75,4,6,437.130041885376,471.130041885376,34.0,2.5810841539548743,False,True
s8_n400,9,3,0.25,0.75,0,247,386.0,401.0,15.0,9.767674064402062,False,True
s8_n400,9,3,0.25,0.75,2,236,446.1770169734955,475.1770169734955,29.0,9.239392466265194,False,True
s8_n400,9,3,0.25,0.75,5,218,487.85037479400637,522.8503747940064,35.0,7.888731496572947,False,True
s8_n400,9,3,0.25,0.75,4,99,479.7400447845459,517.740044784546,38.00000000000006,9.63971181018958,False,True
s8_n400,9,3,0.25,0.75,3,227,312.3212100982666,358.3212100982666,46.0,2.507541491419536,False,True
s8_n400,9,3,0.25,0.75,3,108,361.2741558074951,377.2741558074951,16.0,9.342698634643044,False,True
s8_n400,9,3,0.25,0.75,6,208,555.9865846303408,595.9865846303408,40.0,9.055130491557708,False,True
s8_n400,9,3,0.25,0.75,1,111,293.0544677734375,315.0544677734375,22.0,7.05280171392589,False,True
s8_n400,9,3,0.25,0.75,7,177,378.8982889801264,408.8982889801264,30.0,1.0213706680124655,False,True
s8_n400,9,3,0.25,0.75,5,128,528.9597567558288,569.9597567558288,41.0,8.518343845438459,False,True
s8_n400,9,3,0.25,0.75,3,152,380.04320526123047,420.04320526123047,40.0,4.641040552662293,False,True
s8_n400,9,3,0.25,0.75,4,273,526.5610336303712,564.5610336303712,38.0,1.6362124486958673,False,True
s8_n400,9,3,0.25,0.75,4,265,572.1571868896485,605.1571868896485,33.0,3.333392031644234,False,True
s8_n400,9,3,0.25,0.75,0,151,490.0,510.0,20.0,3.8888162812325224,False,True
s8_n400,9,3,0.25,0.75,7,9,417.4034573227167,437.4034573227167,20.0,6.838369365579364,False,True
s8_n400,9,3,0.25,0.75,0,171,645.0,660.0,15.0,9.925731469678077,False,False
s8_n400,9,3,0.25,0.75,0,14,661.8714277267457,676.8714277267457,15.0,8.935366993671323,False,False
s8_n400,9,3,0.25,0.75,2,206,1341.0,1357.0,16.0,9.142073676938024,False,False
s8_n400,9,3,0.25,0.75,7,110,1150.0,1165.0,15.0,9.620954205335174,False,False
s8_n400,9,3,0.25,0.75,7,16,2733.0,2774.0,41.0,3.5186624445405505,False,True
s8_n400,9,3,0.25,0.75,1,149,1389.0,1406.0,17.0,8.587721086498338,False,False
s8_n400,9,3,0.25,0.75,1,254,2425.0,2465.0,40.0,2.685484860850811,False,True
s8_n400,9,3,0.25,0.75,1,234,3293.0,3308.0,15.0,9.609480543280911,False,False
s8_n400,9,3,0.25,0.75,3,23,1448.0,1471.0,23.0,9.774734476926028,False,False
s8_n400,9,3,0.25,0.75,3,308,2164.0,2179.0,15.0,8.662606363637611,True,False
s8_n400,9,3,0.25,0.75,3,376,2573.0,2588.0,15.0,9.407089550788005,True,False
s8_n400,9,3,0.25,0.75,7,55,3097.0,3119.0,22.0,9.002806335202258,False,False
s8_n400,9,3,0.25,0.75,5,147,2141.0,2158.0,17.0,9.025962909008253,False,False
s8_n400,9,3,0.25,0.75,0,237,885.0,902.0,17.0,7.370381231329392,False,False
s8_n400,9,3,0.25,0.75,0,326,2451.0,2466.0,15.0,8.693522248568346,True,False
s8_n400,9,3,0.25,0.75,0,32,2820.0,2836.0,16.0,7.879202051515812,False,False
s8_n400,9,3,0.25,0.75,7,306,3122.3312215805054,3138.3312215805054,16.0,6.307375877284279,True,False
s8_n400,9,4,0.0,1.0,5,36,81.0,99.0,18.0,2.1450106090126884,False,True
s8_n400,9,4,0.0,1.0,3,256,228.0,286.0,58.0,6.269520568490604,False,True
s8_n400,9,4,0.0,1.0,2,76,162.0,220.0,58.0,5.7551639012094435,False,True
s8_n400,9,4,0.0,1.0,2,239,226.86559467315675,260.86559467315675,34.0,6.46133264175788,False,True
s8_n400,9,4,0.0,1.0,1,166,132.0,183.0,51.0,7.45615577079997,False,True
s8_n400,9,4,0.0,1.0,5,235,330.0,372.0,42.0,8.733156516788577,False,True
s8_n400,9,4,0.0,1.0,5,84,373.3967161178589,406.3967161178589,33.0,2.300292392952773,False,True
s8_n400,9,4,0.0,1.0,6,46,73.0,118.0,45.0,7.206099624076302,False,True
s8_n400,9,4,0.0,1.0,6,49,249.0,265.0,16.0,1.8785918722133936,False,True
s8_n400,9,4,0.0,1.0,2,178,267.1866897583008,316.1866897583008,49.0,6.417029896171362,False,True
s8_n400,9,4,0.0,1.0,3,207,292.8496753692627,310.8496753692627,18.0,6.102634737950009,False,True
s8_n400,9,4,0.0,1.0,0,255,161.0,195.0,34.0,5.229878542798582,False,True
s8_n400,9,4,0.0,1.0,4,60,338.0,353.0,15.0,1.4445812616133877,False,True
s8_n400,9,4,0.0,1.0,1,274,189.14740371704102,240.14740371704102,51.0,9.226802889777801,False,True
s8_n400,9,4,0.0,1.0,5,251,408.9861753463745,459.9861753463745,51.0,3.992791752555502,False,True
s8_n400,9,4,0.0,1.0,6,133,350.0,383.0,33.0,1.0778029082278127,False,True
s8_n400,9,4,0.0,1.0,5,79,465.28729648590087,517.2872964859009,52.00000000000006,7.696915507067875,False,True
s8_n400,9,4,0.0,1.0,1,80,259.0,284.0,25.0,7.9700800430536685,False,True
s8_n400,9,4,0.0,1.0,7,159,22.0,44.0,22.0,6.308681465319681,False,True
s8_n400,9,4,0.0,1.0,6,50,387.33281491906564,431.33281491906564,44.0,3.0268150659673863,False,True
s8_n400,9,4,0.0,1.0,7,177,356.0,386.0,30.0,1.0213706680124655,False,True
s8_n400,9,4,0.0,1.0,7,104,396.22737312316895,452.22737312316895,56.0,4.833307445141376,False,True
s8_n400,9,4,0.0,1.0,0,228,218.0,263.0,45.0,2.457898777487911,False,True
s8_n400,9,4,0.0,1.0,6,148,443.7214709696773,500.7214709696773,57.0,7.8271309787453855,False,True
s8_n400,9,4,0.0,1.0,7,62,462.5091583251953,478.5091583251953,16.0,4.459982938933999,False,True
s8_n400,9,4,0.0,1.0,4,273,363.2974086761475,401.2974086761475,38.0,1.6362124486958673,False,True
s8_n400,9,4,0.0,1.0,4,229,412.0979747772217,448.0979747772217,36.0,8.968169956163319,False,True
s8_n400,9,4,0.0,1.0,3,6,321.0,355.0,34.0,2.5810841539548743,False,True
s8_n400,9,4,0.0,1.0,4,224,452.0688638687134,484.0688638687134,32.0,3.2769396315346824,False,True
s8_n400,9,4,0.0,1.0,3,227,364.1053894042969,410.1053894042969,46.0,2.507541491419536,False,True
s8_n400,9,4,0.0,1.0,0,66,295.0,331.0,36.0,4.204260783859674,False,True
s8_n400,9,4,0.0,1.0,6,92,517.0,548.0,31.0,7.00130500118533,False,True
s8_n400,9,4,0.0,1.0,2,236,327.11916084289555,356.11916084289555,29.0,9.239392466265194,False,True
s8_n400,9,4,0.0,1.0,0,247,386.0,401.0,15.0,9.767674064402062,False,True
s8_n400,9,4,0.0,1.0,2,218,360.2603890895844,395.2603890895844,35.0,7.888731496572947,False,True
s8_n400,9,4,0.0,1.0,4,99,485.40162525177004,523.40162525177,38.0,9.63971181018958,False,True
s8_n400,9,4,0.0,1.0,4,265,525.5032336711884,558.5032336711884,33.0,3.333392031644234,False,True
s8_n400,9,4,0.0,1.0,3,152,411.21153450012207,451.21153450012207,40.0,4.641040552662293,False,True
s8_n400,9,4,0.0,1.0,5,128,522.4634917259217,563.4634917259217,41.0,8.518343845438459,False,True
s8_n400,9,4,0.0,1.0,1,111,293.0544677734375,315.0544677734375,22.0,7.05280171392589,False,True
s8_n400,9,4,0.0,1.0,3,108,453.98058395385743,469.98058395385743,16.0,9.342698634643044,False,True
s8_n400,9,4,0.0,1.0,0,151,490.0,510.0,20.0,3.8888162812325224,False,True
s8_n400,9,4,0.0,1.0,4,208,762.0,802.0,40.0,9.055130491557708,False,True
s8_n400,9,4,0.0,1.0,1,9,821.0,841.0,20.0,6.838369365579364,False,True
s8_n400,9,4,0.0,1.0,1,254,2425.0,2465.0,40.0,2.685484860850811,False,True
s8_n400,9,4,0.0,1.0,0,171,645.0,660.0,15.0,9.925731469678077,False,False
s8_n400,9,4,0.0,1.0,7,110,1150.0,1165.0,15.0,9.620954205335174,False,False
s8_n400,9,4,0.0,1.0,7,16,2733.0,2774.0,41.0,3.5186624445405505,False,True
s8_n400,9,4,0.0,1.0,7,272,2779.0886078000067,2839.0886078000067,60.0,6.711019072442262,False,True
s8_n400,9,4,0.0,1.0,3,14,1884.0,1899.0,15.0,8.935366993671323,False,False
s8_n400,9,4,0.0,1.0,2,206,1341.0,1357.0,16.0,9.142073676938024,False,False
s8_n400,9,4,0.0,1.0,1,234,3293.0,3308.0,15.0,9.609480543280911,False,False
s8_n400,9,4,0.0,1.0,2,149,1490.0,1507.0,17.0,8.587721086498338,False,False
s8_n400,9,4,0.0,1.0,0,326,2451.0,2466.0,15.0,8.693522248568346,True,False
s8_n400,9,4,0.0,1.0,0,32,2820.0,2836.0,16.0,7.879202051515812,False,False
s8_n400,9,4,0.0,1.0,0,387,3039.0,3057.0,18.0,9.851278208066189,True,False
s8_n400,9,4,0.0,1.0,0,2,3059.028605782986,3082.028605782986,23.0,9.923632132114937,False,False
