num_prefs,scale,scale_group,instance_idx,seed,satellites,tasks,hv,nd_points,seconds,seconds_per_pref,avg_scheduled
20,s3_n100,small,0,20260701,3,100,0.317657187868134,7,0.10700035095214844,0.0053500175476074215,25.8
50,s3_n100,small,0,20260701,3,100,0.3178922602393136,8,0.12100005149841309,0.0024200010299682616,25.86
100,s3_n100,small,0,20260701,3,100,0.3178922602393137,8,0.2105705738067627,0.002105705738067627,25.89
150,s3_n100,small,0,20260701,3,100,0.3178922602393137,8,0.3090028762817383,0.0020600191752115885,25.886666666666667
200,s3_n100,small,0,20260701,3,100,0.3178922602393137,8,0.4109916687011719,0.0020549583435058596,25.89
20,s3_n100,small,1,20260702,3,100,0.3204471221454662,9,0.06215071678161621,0.0031075358390808107,26.05
50,s3_n100,small,1,20260702,3,100,0.3212257817335098,10,0.11959528923034668,0.0023919057846069334,26.08
100,s3_n100,small,1,20260702,3,100,0.32190232008577274,13,0.2109999656677246,0.002109999656677246,26.09
150,s3_n100,small,1,20260702,3,100,0.3216172196259397,12,0.31264495849609375,0.0020842997233072916,26.08
200,s3_n100,small,1,20260702,3,100,0.32404760471013794,13,0.4190025329589844,0.002095012664794922,26.085
20,s3_n100,small,2,20260703,3,100,0.29291335210544284,7,0.058001041412353516,0.002900052070617676,23.65
50,s3_n100,small,2,20260703,3,100,0.29314831426516136,9,0.11100077629089355,0.002220015525817871,23.52
100,s3_n100,small,2,20260703,3,100,0.2959994179200254,10,0.20114636421203613,0.0020114636421203614,23.55
150,s3_n100,small,2,20260703,3,100,0.29641247527924186,11,0.30224037170410156,0.0020149358113606772,23.553333333333335
200,s3_n100,small,2,20260703,3,100,0.29615152013693313,10,0.47708773612976074,0.0023854386806488035,23.555
20,s3_n100,small,3,20260704,3,100,0.2812693179630183,7,0.053670406341552734,0.0026835203170776367,21.5
50,s3_n100,small,3,20260704,3,100,0.2883069701783046,8,0.10000109672546387,0.0020000219345092775,21.42
100,s3_n100,small,3,20260704,3,100,0.2887847706886758,9,0.20407581329345703,0.00204075813293457,21.44
150,s3_n100,small,3,20260704,3,100,0.2887847706886758,9,0.3220024108886719,0.0021466827392578125,21.406666666666666
200,s3_n100,small,3,20260704,3,100,0.2887847706886758,9,0.41700029373168945,0.002085001468658447,21.395
20,s3_n100,small,4,20260705,3,100,0.3317424889171007,8,0.06100058555603027,0.0030500292778015137,24.7
50,s3_n100,small,4,20260705,3,100,0.3333470465514825,10,0.11400079727172852,0.0022800159454345703,24.8
100,s3_n100,small,4,20260705,3,100,0.3347268397418347,11,0.23074746131896973,0.0023074746131896973,24.8
150,s3_n100,small,4,20260705,3,100,0.3364361687048881,11,0.36211156845092773,0.002414077123006185,24.833333333333332
200,s3_n100,small,4,20260705,3,100,0.3364361687048881,11,0.478759765625,0.002393798828125,24.825
20,s3_n100,small,5,20260706,3,100,0.33392020756556656,10,0.061000823974609375,0.0030500411987304686,24.8
50,s3_n100,small,5,20260706,3,100,0.3391411870093159,9,0.11305999755859375,0.002261199951171875,24.7
100,s3_n100,small,5,20260706,3,100,0.3395062274096757,9,0.20600032806396484,0.0020600032806396486,24.68
150,s3_n100,small,5,20260706,3,100,0.34019599197323375,9,0.29755282402038574,0.0019836854934692384,24.686666666666667
200,s3_n100,small,5,20260706,3,100,0.33962388070839317,9,0.4091641902923584,0.002045820951461792,24.68
20,s3_n100,small,6,20260707,3,100,0.31634900285612344,9,0.05800056457519531,0.0029000282287597657,22.8
50,s3_n100,small,6,20260707,3,100,0.31977981800032984,9,0.10900020599365234,0.002180004119873047,22.9
100,s3_n100,small,6,20260707,3,100,0.32023203761845553,10,0.19306612014770508,0.0019306612014770507,22.91
150,s3_n100,small,6,20260707,3,100,0.32023203761845553,10,0.3600008487701416,0.0024000056584676105,22.893333333333334
200,s3_n100,small,6,20260707,3,100,0.32023203761845553,10,0.4800729751586914,0.002400364875793457,22.89
20,s3_n100,small,7,20260708,3,100,0.2921455944152819,7,0.054601192474365234,0.002730059623718262,22.55
50,s3_n100,small,7,20260708,3,100,0.29352202712600334,8,0.10307574272155762,0.0020615148544311525,22.62
100,s3_n100,small,7,20260708,3,100,0.29405586741843376,9,0.18777227401733398,0.0018777227401733398,22.67
150,s3_n100,small,7,20260708,3,100,0.29405586741843376,9,0.27306056022644043,0.0018204037348429362,22.686666666666667
200,s3_n100,small,7,20260708,3,100,0.29405586741843376,9,0.3699989318847656,0.001849994659423828,22.685
20,s3_n100,small,8,20260709,3,100,0.3100305616101231,7,0.05799984931945801,0.0028999924659729006,23.7
50,s3_n100,small,8,20260709,3,100,0.31579731175058734,10,0.10900044441223145,0.002180008888244629,23.74
100,s3_n100,small,8,20260709,3,100,0.31579731175058734,10,0.1979999542236328,0.001979999542236328,23.73
150,s3_n100,small,8,20260709,3,100,0.31579731175058734,10,0.3720836639404297,0.0024805577596028645,23.733333333333334
200,s3_n100,small,8,20260709,3,100,0.31579731175058734,10,0.4585564136505127,0.0022927820682525635,23.725
20,s3_n100,small,9,20260710,3,100,0.2932989092416261,9,0.05299973487854004,0.002649986743927002,20.75
50,s3_n100,small,9,20260710,3,100,0.296896124681289,14,0.0989983081817627,0.001979966163635254,20.82
100,s3_n100,small,9,20260710,3,100,0.29602372131931587,12,0.17563509941101074,0.0017563509941101074,20.8
150,s3_n100,small,9,20260710,3,100,0.2972051846803726,14,0.2555115222930908,0.0017034101486206054,20.813333333333333
200,s3_n100,small,9,20260710,3,100,0.29994786093325243,15,0.3380415439605713,0.0016902077198028564,20.835
20,s5_n150,small,0,20260701,5,150,0.3218846666295824,9,0.10100007057189941,0.005050003528594971,36.6
50,s5_n150,small,0,20260701,5,150,0.3246099938339287,13,0.1979997158050537,0.003959994316101074,36.36
100,s5_n150,small,0,20260701,5,150,0.32615322074327313,14,0.38555455207824707,0.0038555455207824707,36.33
150,s5_n150,small,0,20260701,5,150,0.3278104371416244,12,0.5755264759063721,0.0038368431727091473,36.333333333333336
200,s5_n150,small,0,20260701,5,150,0.32783063119892863,12,0.7876379489898682,0.003938189744949341,36.33
20,s5_n150,small,1,20260702,5,150,0.35235947514124794,8,0.10600018501281738,0.005300009250640869,39.75
50,s5_n150,small,1,20260702,5,150,0.3616303617477177,13,0.21900177001953125,0.004380035400390625,39.86
100,s5_n150,small,1,20260702,5,150,0.3638740413529839,16,0.4037795066833496,0.0040377950668334965,39.89
150,s5_n150,small,1,20260702,5,150,0.3615843472366148,16,0.6175451278686523,0.0041169675191243486,39.906666666666666
200,s5_n150,small,1,20260702,5,150,0.36221549469346304,14,0.8601758480072021,0.004300879240036011,39.905
20,s5_n150,small,2,20260703,5,150,0.34776170482318236,11,0.10800457000732422,0.005400228500366211,40.15
50,s5_n150,small,2,20260703,5,150,0.3493013800769656,11,0.21320533752441406,0.004264106750488281,40.14
100,s5_n150,small,2,20260703,5,150,0.3500980916702683,13,0.39999961853027344,0.0039999961853027345,40.15
150,s5_n150,small,2,20260703,5,150,0.3506031566202856,15,0.6021430492401123,0.004014286994934082,40.14666666666667
200,s5_n150,small,2,20260703,5,150,0.3502762043818458,14,0.8398125171661377,0.004199062585830689,40.125
20,s5_n150,small,3,20260704,5,150,0.3010277490571708,10,0.09299993515014648,0.004649996757507324,35.1
50,s5_n150,small,3,20260704,5,150,0.3057278658749889,14,0.19100093841552734,0.003820018768310547,35.24
100,s5_n150,small,3,20260704,5,150,0.30567982841715385,19,0.3620002269744873,0.003620002269744873,35.23
150,s5_n150,small,3,20260704,5,150,0.30599895516635767,17,0.5632739067077637,0.003755159378051758,35.17333333333333
200,s5_n150,small,3,20260704,5,150,0.3063087126744232,18,0.7541112899780273,0.003770556449890137,35.21
20,s5_n150,small,4,20260705,5,150,0.33179361767374616,6,0.10300111770629883,0.005150055885314942,37.7
50,s5_n150,small,4,20260705,5,150,0.34229620173559855,8,0.2046821117401123,0.004093642234802246,37.58
100,s5_n150,small,4,20260705,5,150,0.3432619043211401,12,0.3895442485809326,0.003895442485809326,37.51
150,s5_n150,small,4,20260705,5,150,0.34330527038381603,15,0.5800926685333252,0.003867284456888835,37.53333333333333
200,s5_n150,small,4,20260705,5,150,0.3440368862335377,12,0.7920863628387451,0.003960431814193726,37.525
20,s5_n150,small,5,20260706,5,150,0.32142362597984103,8,0.10199999809265137,0.0050999999046325685,38.5
50,s5_n150,small,5,20260706,5,150,0.3286231834192546,11,0.20600008964538574,0.004120001792907715,38.62
100,s5_n150,small,5,20260706,5,150,0.3313261226689038,16,0.390988826751709,0.0039098882675170895,38.71
150,s5_n150,small,5,20260706,5,150,0.3301693909832727,15,0.6001615524291992,0.0040010770161946615,38.7
200,s5_n150,small,5,20260706,5,150,0.33141867693126853,16,0.8251678943634033,0.004125839471817017,38.68
20,s5_n150,small,6,20260707,5,150,0.3533645269822726,8,0.10605549812316895,0.0053027749061584474,40.3
50,s5_n150,small,6,20260707,5,150,0.35684955073601,13,0.2130262851715088,0.0042605257034301755,40.4
100,s5_n150,small,6,20260707,5,150,0.35954397151723194,16,0.40199851989746094,0.00401998519897461,40.45
150,s5_n150,small,6,20260707,5,150,0.35771796595536787,18,0.6210663318634033,0.004140442212422689,40.46
200,s5_n150,small,6,20260707,5,150,0.35769842463579526,16,0.8495397567749023,0.004247698783874512,40.47
20,s5_n150,small,7,20260708,5,150,0.31491195128674065,8,0.09999966621398926,0.004999983310699463,37.4
50,s5_n150,small,7,20260708,5,150,0.3188713242094844,8,0.19707131385803223,0.003941426277160645,37.38
100,s5_n150,small,7,20260708,5,150,0.321756819757511,9,0.37312960624694824,0.0037312960624694825,37.35
150,s5_n150,small,7,20260708,5,150,0.32257593709920107,9,0.5761592388153076,0.0038410615921020508,37.36
200,s5_n150,small,7,20260708,5,150,0.32351146153024174,10,0.7840576171875,0.0039202880859375,37.335
20,s5_n150,small,8,20260709,5,150,0.3124587466510176,9,0.09491991996765137,0.004745995998382569,35.25
50,s5_n150,small,8,20260709,5,150,0.3095099594417716,12,0.19160938262939453,0.0038321876525878908,35.42
100,s5_n150,small,8,20260709,5,150,0.31502959812848225,11,0.362058162689209,0.0036205816268920898,35.38
150,s5_n150,small,8,20260709,5,150,0.3176774843535395,14,0.550614595413208,0.0036707639694213865,35.38666666666666
200,s5_n150,small,8,20260709,5,150,0.3155291217391849,12,0.7578649520874023,0.0037893247604370117,35.37
20,s5_n150,small,9,20260710,5,150,0.3265588860816234,8,0.09590935707092285,0.004795467853546143,35.1
50,s5_n150,small,9,20260710,5,150,0.334036817727068,12,0.19005966186523438,0.0038011932373046876,35.0
100,s5_n150,small,9,20260710,5,150,0.33462709034710864,14,0.3600032329559326,0.003600032329559326,35.06
150,s5_n150,small,9,20260710,5,150,0.3350860519298498,18,0.547635555267334,0.0036509037017822266,35.026666666666664
200,s5_n150,small,9,20260710,5,150,0.33513488785684753,17,0.7603073120117188,0.0038015365600585936,35.05
20,s5_n200,small,0,20260701,5,200,0.2534181201123591,10,0.10796666145324707,0.0053983330726623535,35.85
50,s5_n200,small,0,20260701,5,200,0.2548886148182752,12,0.21562743186950684,0.004312548637390137,35.78
100,s5_n200,small,0,20260701,5,200,0.2557181436057244,14,0.4186413288116455,0.004186413288116455,35.7
150,s5_n200,small,0,20260701,5,200,0.2559822770889332,14,0.6396934986114502,0.004264623324076335,35.7
200,s5_n200,small,0,20260701,5,200,0.2562138648275386,16,0.8999152183532715,0.0044995760917663575,35.68
20,s5_n200,small,1,20260702,5,200,0.250585279280909,10,0.11255574226379395,0.005627787113189698,40.45
50,s5_n200,small,1,20260702,5,200,0.2522892624485825,8,0.23600029945373535,0.004720005989074707,40.24
100,s5_n200,small,1,20260702,5,200,0.2554950601891848,8,0.47101712226867676,0.0047101712226867674,40.34
150,s5_n200,small,1,20260702,5,200,0.25712696715397443,9,0.7124879360198975,0.004749919573465983,40.34
200,s5_n200,small,1,20260702,5,200,0.25712696715397443,9,0.9959580898284912,0.004979790449142456,40.33
20,s5_n200,small,2,20260703,5,200,0.262710021081487,11,0.10854911804199219,0.00542745590209961,38.05
50,s5_n200,small,2,20260703,5,200,0.26819375732023765,16,0.22699999809265137,0.004539999961853027,38.02
100,s5_n200,small,2,20260703,5,200,0.26893361546812294,21,0.44562578201293945,0.004456257820129395,38.04
150,s5_n200,small,2,20260703,5,200,0.2692629626279736,20,0.6930158138275146,0.004620105425516764,38.0
200,s5_n200,small,2,20260703,5,200,0.27002708464032177,16,0.9440586566925049,0.004720293283462525,38.025
20,s5_n200,small,3,20260704,5,200,0.26875714318738886,10,0.1170036792755127,0.005850183963775635,40.75
50,s5_n200,small,3,20260704,5,200,0.26993040141278357,14,0.238999605178833,0.0047799921035766605,40.82
100,s5_n200,small,3,20260704,5,200,0.27034470316575665,15,0.4629983901977539,0.004629983901977539,40.82
150,s5_n200,small,3,20260704,5,200,0.27089736247643664,16,0.7239987850189209,0.0048266585667928056,40.81333333333333
200,s5_n200,small,3,20260704,5,200,0.27089736247643664,16,0.9390835762023926,0.0046954178810119625,40.815
20,s5_n200,small,4,20260705,5,200,0.26946249567044284,7,0.11460041999816895,0.0057300209999084474,40.7
50,s5_n200,small,4,20260705,5,200,0.2708529520127776,10,0.23099970817565918,0.0046199941635131836,40.74
100,s5_n200,small,4,20260705,5,200,0.2714348852225884,12,0.5000653266906738,0.005000653266906738,40.71
150,s5_n200,small,4,20260705,5,200,0.2714539430089194,11,0.7182984352111816,0.004788656234741211,40.72
200,s5_n200,small,4,20260705,5,200,0.27149078527379267,11,0.9972071647644043,0.004986035823822022,40.68
20,s5_n200,small,5,20260706,5,200,0.2706507390295939,12,0.12099957466125488,0.006049978733062744,42.8
50,s5_n200,small,5,20260706,5,200,0.27347664547175965,15,0.2545650005340576,0.005091300010681152,42.82
100,s5_n200,small,5,20260706,5,200,0.28135967015476565,20,0.48308682441711426,0.004830868244171143,42.7
150,s5_n200,small,5,20260706,5,200,0.2818864012564897,19,0.7205448150634766,0.004803632100423177,42.76
200,s5_n200,small,5,20260706,5,200,0.28157425017736804,20,1.0393040180206299,0.005196520090103149,42.76
20,s5_n200,small,6,20260707,5,200,0.26846807829284053,7,0.11299824714660645,0.0056499123573303224,39.75
50,s5_n200,small,6,20260707,5,200,0.27062921256477124,8,0.22899937629699707,0.0045799875259399415,39.48
100,s5_n200,small,6,20260707,5,200,0.27152113941826456,12,0.44568634033203125,0.004456863403320312,39.41
150,s5_n200,small,6,20260707,5,200,0.2715249720387426,13,0.6486961841583252,0.004324641227722168,39.473333333333336
200,s5_n200,small,6,20260707,5,200,0.271630333893085,12,0.954824686050415,0.004774123430252075,39.455
20,s5_n200,small,7,20260708,5,200,0.24994633203786856,10,0.10500121116638184,0.0052500605583190914,36.75
50,s5_n200,small,7,20260708,5,200,0.25553474087593053,12,0.21758127212524414,0.004351625442504883,36.6
100,s5_n200,small,7,20260708,5,200,0.25632125176052767,16,0.41558265686035156,0.0041558265686035155,36.65
150,s5_n200,small,7,20260708,5,200,0.25639472872520497,14,0.6402747631072998,0.004268498420715332,36.64666666666667
200,s5_n200,small,7,20260708,5,200,0.2562444537161201,15,0.8885278701782227,0.004442639350891113,36.65
20,s5_n200,small,8,20260709,5,200,0.2574549031092488,10,0.10755324363708496,0.005377662181854248,38.0
50,s5_n200,small,8,20260709,5,200,0.2617321906584106,13,0.22100019454956055,0.004420003890991211,38.02
100,s5_n200,small,8,20260709,5,200,0.26350182360808383,16,0.43401646614074707,0.004340164661407471,37.99
150,s5_n200,small,8,20260709,5,200,0.2654467581685436,18,0.6580798625946045,0.00438719908396403,37.98
200,s5_n200,small,8,20260709,5,200,0.26567555825692596,18,0.9248299598693848,0.004624149799346924,37.975
20,s5_n200,small,9,20260710,5,200,0.23845673701320735,7,0.0996556282043457,0.004982781410217285,34.15
50,s5_n200,small,9,20260710,5,200,0.24239021761979623,14,0.20100116729736328,0.004020023345947266,34.08
100,s5_n200,small,9,20260710,5,200,0.24374629241685172,17,0.3840000629425049,0.0038400006294250486,34.09
150,s5_n200,small,9,20260710,5,200,0.24366697439086282,18,0.601895809173584,0.004012638727823893,34.04666666666667
200,s5_n200,small,9,20260710,5,200,0.24420780689876556,19,0.8189997673034668,0.004094998836517334,34.07
20,s8_n200,medium,0,20260701,8,200,0.38461302644696665,13,0.1869959831237793,0.009349799156188965,60.2
50,s8_n200,medium,0,20260701,8,200,0.38931219011530566,20,0.39855194091796875,0.007971038818359375,60.24
100,s8_n200,medium,0,20260701,8,200,0.39101171481698266,20,0.8076786994934082,0.008076786994934082,60.4
150,s8_n200,medium,0,20260701,8,200,0.3907605449248349,21,1.3253772258758545,0.008835848172505696,60.333333333333336
200,s8_n200,medium,0,20260701,8,200,0.3912422286822393,22,1.7707133293151855,0.008853566646575928,60.36
20,s8_n200,medium,1,20260702,8,200,0.4300899134852135,11,0.19113636016845703,0.009556818008422851,61.25
50,s8_n200,medium,1,20260702,8,200,0.43474849094920587,21,0.4241511821746826,0.008483023643493652,61.24
100,s8_n200,medium,1,20260702,8,200,0.43589353774518924,21,0.870269775390625,0.00870269775390625,61.25
150,s8_n200,medium,1,20260702,8,200,0.4364997626681397,25,1.3113994598388672,0.008742663065592448,61.29333333333334
200,s8_n200,medium,1,20260702,8,200,0.43671587153858904,23,1.7737085819244385,0.008868542909622192,61.275
20,s8_n200,medium,2,20260703,8,200,0.3760468869021044,13,0.1815023422241211,0.009075117111206055,57.6
50,s8_n200,medium,2,20260703,8,200,0.37962422816891783,17,0.3910641670227051,0.0078212833404541,57.48
100,s8_n200,medium,2,20260703,8,200,0.3801631571827721,18,0.8107705116271973,0.008107705116271973,57.41
150,s8_n200,medium,2,20260703,8,200,0.38050314226310056,18,1.2813098430633545,0.008542065620422363,57.46
200,s8_n200,medium,2,20260703,8,200,0.38050276124413185,21,1.6904540061950684,0.008452270030975342,57.43
20,s8_n200,medium,3,20260704,8,200,0.38601757605261255,12,0.18800020217895508,0.009400010108947754,60.05
50,s8_n200,medium,3,20260704,8,200,0.39766795847055797,15,0.40600037574768066,0.008120007514953613,60.12
100,s8_n200,medium,3,20260704,8,200,0.39966192343707485,20,0.8539435863494873,0.008539435863494873,60.16
150,s8_n200,medium,3,20260704,8,200,0.4028197882158636,20,1.2976019382476807,0.008650679588317872,60.2
200,s8_n200,medium,3,20260704,8,200,0.4003325818152876,22,1.6656785011291504,0.008328392505645751,60.225
20,s8_n200,medium,4,20260705,8,200,0.3813132552142412,14,0.18500137329101562,0.009250068664550781,58.85
50,s8_n200,medium,4,20260705,8,200,0.3865803931609486,21,0.3940005302429199,0.0078800106048584,59.2
100,s8_n200,medium,4,20260705,8,200,0.3867227266471418,23,0.8397665023803711,0.008397665023803711,59.06
150,s8_n200,medium,4,20260705,8,200,0.38839447812806105,23,1.285053014755249,0.008567020098368327,59.0
200,s8_n200,medium,4,20260705,8,200,0.38914952222205806,22,1.715486764907837,0.008577433824539184,59.005
20,s8_n200,medium,5,20260706,8,200,0.35077932033534265,8,0.18600058555603027,0.009300029277801514,58.95
50,s8_n200,medium,5,20260706,8,200,0.357838167316877,16,0.3979504108428955,0.00795900821685791,58.94
100,s8_n200,medium,5,20260706,8,200,0.358888772499058,16,0.7743487358093262,0.007743487358093262,58.97
150,s8_n200,medium,5,20260706,8,200,0.35929667743992694,17,1.2770235538482666,0.008513490358988443,59.04666666666667
200,s8_n200,medium,5,20260706,8,200,0.35857778598206125,16,1.6976573467254639,0.00848828673362732,59.02
20,s8_n200,medium,6,20260707,8,200,0.39557210052294334,13,0.1810011863708496,0.00905005931854248,58.05
50,s8_n200,medium,6,20260707,8,200,0.3969616271523159,19,0.39261364936828613,0.007852272987365723,57.84
100,s8_n200,medium,6,20260707,8,200,0.3986545892292587,19,0.7649383544921875,0.007649383544921875,57.77
150,s8_n200,medium,6,20260707,8,200,0.3976621695084029,20,1.2570462226867676,0.008380308151245117,57.74666666666667
200,s8_n200,medium,6,20260707,8,200,0.3989045949440475,20,1.6798343658447266,0.008399171829223633,57.76
20,s8_n200,medium,7,20260708,8,200,0.3824897410558399,10,0.17751812934875488,0.008875906467437744,55.35
50,s8_n200,medium,7,20260708,8,200,0.39361811317010553,15,0.37600016593933105,0.007520003318786621,55.12
100,s8_n200,medium,7,20260708,8,200,0.39362381357447945,17,0.7835531234741211,0.00783553123474121,55.17
150,s8_n200,medium,7,20260708,8,200,0.39393295235985315,19,1.205918788909912,0.008039458592732748,55.18666666666667
200,s8_n200,medium,7,20260708,8,200,0.3940105548070605,20,1.6114037036895752,0.008057018518447876,55.19
20,s8_n200,medium,8,20260709,8,200,0.41234155361729774,8,0.18863844871520996,0.009431922435760498,60.8
50,s8_n200,medium,8,20260709,8,200,0.4134313441853181,13,0.40760016441345215,0.008152003288269044,60.56
100,s8_n200,medium,8,20260709,8,200,0.4171902983285026,20,0.8460640907287598,0.008460640907287598,60.61
150,s8_n200,medium,8,20260709,8,200,0.4172829636121863,20,1.2987470626831055,0.008658313751220703,60.56
200,s8_n200,medium,8,20260709,8,200,0.4172115444141581,21,1.7769231796264648,0.008884615898132324,60.555
20,s8_n200,medium,9,20260710,8,200,0.41111870215052365,12,0.19155359268188477,0.009577679634094238,59.75
50,s8_n200,medium,9,20260710,8,200,0.41264501855546953,17,0.4050004482269287,0.008100008964538575,59.46
100,s8_n200,medium,9,20260710,8,200,0.4171523694573309,19,0.841217041015625,0.00841217041015625,59.48
150,s8_n200,medium,9,20260710,8,200,0.41809614772212017,21,1.2851536273956299,0.0085676908493042,59.48
200,s8_n200,medium,9,20260710,8,200,0.4195027993707031,22,1.7262263298034668,0.008631131649017333,59.5
20,s10_n300,medium,0,20260701,10,300,0.3350125702443659,9,0.31905364990234375,0.015952682495117186,78.15
50,s10_n300,medium,0,20260701,10,300,0.3390828428936701,13,0.809464693069458,0.016189293861389162,78.32
100,s10_n300,medium,0,20260701,10,300,0.33637543867995007,24,1.5671944618225098,0.015671944618225096,78.08
150,s10_n300,medium,0,20260701,10,300,0.34045362585139843,23,2.407951593399048,0.01605301062266032,78.13333333333334
200,s10_n300,medium,0,20260701,10,300,0.3428106806182797,24,3.1568424701690674,0.015784212350845338,78.14
20,s10_n300,medium,1,20260702,10,300,0.3296318674369835,10,0.30474114418029785,0.015237057209014892,72.15
50,s10_n300,medium,1,20260702,10,300,0.34242901710908796,16,0.6975343227386475,0.013950686454772949,72.74
100,s10_n300,medium,1,20260702,10,300,0.34214305288670155,24,1.5003430843353271,0.01500343084335327,72.72
150,s10_n300,medium,1,20260702,10,300,0.3446842695173037,24,2.2324910163879395,0.014883273442586263,72.76666666666667
200,s10_n300,medium,1,20260702,10,300,0.34510668910627773,23,2.993360996246338,0.01496680498123169,72.76
20,s10_n300,medium,2,20260703,10,300,0.3299780220593011,14,0.3105459213256836,0.015527296066284179,73.95
50,s10_n300,medium,2,20260703,10,300,0.3314885301134237,19,0.7247428894042969,0.014494857788085937,73.92
100,s10_n300,medium,2,20260703,10,300,0.33343661454036183,17,1.4552597999572754,0.014552597999572753,74.0
150,s10_n300,medium,2,20260703,10,300,0.33546745846167714,17,2.241208076477051,0.014941387176513672,74.04
200,s10_n300,medium,2,20260703,10,300,0.33569090834628124,20,3.089931011199951,0.015449655055999757,74.02
20,s10_n300,medium,3,20260704,10,300,0.3305430341026674,12,0.311995267868042,0.0155997633934021,74.55
50,s10_n300,medium,3,20260704,10,300,0.3328535437256829,18,0.7404711246490479,0.014809422492980957,74.28
100,s10_n300,medium,3,20260704,10,300,0.3338599355967874,25,1.4917221069335938,0.014917221069335938,74.27
150,s10_n300,medium,3,20260704,10,300,0.334101298140826,28,2.325512170791626,0.015503414471944173,74.23333333333333
200,s10_n300,medium,3,20260704,10,300,0.334886541261414,34,3.0703389644622803,0.015351694822311402,74.215
20,s10_n300,medium,4,20260705,10,300,0.33801234404890695,11,0.3209960460662842,0.01604980230331421,77.1
50,s10_n300,medium,4,20260705,10,300,0.34131490779607665,22,0.7110586166381836,0.014221172332763671,77.34
100,s10_n300,medium,4,20260705,10,300,0.3424667398799911,26,1.5787827968597412,0.01578782796859741,77.21
150,s10_n300,medium,4,20260705,10,300,0.34349281816121424,27,2.3635241985321045,0.01575682799021403,77.19333333333333
200,s10_n300,medium,4,20260705,10,300,0.34306257472369417,27,3.1244592666625977,0.015622296333312989,77.25
20,s10_n300,medium,5,20260706,10,300,0.3542866053582112,15,0.3339982032775879,0.016699910163879395,77.45
50,s10_n300,medium,5,20260706,10,300,0.3564024308662456,20,0.7267110347747803,0.014534220695495606,77.42
100,s10_n300,medium,5,20260706,10,300,0.36120356961105127,21,1.5168635845184326,0.015168635845184327,77.59
150,s10_n300,medium,5,20260706,10,300,0.36592925709814805,26,2.4343814849853516,0.016229209899902345,77.52
200,s10_n300,medium,5,20260706,10,300,0.3668354876302621,30,3.1569454669952393,0.015784727334976198,77.565
20,s10_n300,medium,6,20260707,10,300,0.34221807325208214,9,0.3279998302459717,0.016399991512298585,75.85
50,s10_n300,medium,6,20260707,10,300,0.346723416585031,23,0.7322137355804443,0.014644274711608887,75.56
100,s10_n300,medium,6,20260707,10,300,0.3500121259685201,27,1.545520305633545,0.01545520305633545,75.53
150,s10_n300,medium,6,20260707,10,300,0.35239601875999116,30,2.411817789077759,0.016078785260518393,75.56
200,s10_n300,medium,6,20260707,10,300,0.3506796477332352,30,3.046678066253662,0.01523339033126831,75.545
20,s10_n300,medium,7,20260708,10,300,0.32951024264320294,11,0.31800389289855957,0.01590019464492798,72.8
50,s10_n300,medium,7,20260708,10,300,0.33514643668145927,19,0.7205860614776611,0.014411721229553223,72.96
100,s10_n300,medium,7,20260708,10,300,0.33907356453384174,28,1.4518146514892578,0.014518146514892577,72.87
150,s10_n300,medium,7,20260708,10,300,0.33953570016224077,27,2.255831718444824,0.015038878122965494,72.86
200,s10_n300,medium,7,20260708,10,300,0.33951180143026394,28,2.959030866622925,0.014795154333114624,72.86
20,s10_n300,medium,8,20260709,10,300,0.3657415526259209,12,0.3399980068206787,0.016999900341033936,78.85
50,s10_n300,medium,8,20260709,10,300,0.367804253338544,23,0.7645838260650635,0.01529167652130127,79.06
100,s10_n300,medium,8,20260709,10,300,0.368490019742053,27,1.6149203777313232,0.016149203777313232,79.15
150,s10_n300,medium,8,20260709,10,300,0.3687612374636674,28,2.3955955505371094,0.01597063700358073,79.16
200,s10_n300,medium,8,20260709,10,300,0.3688679694374709,28,3.2241179943084717,0.016120589971542358,79.17
20,s10_n300,medium,9,20260710,10,300,0.35349597409124817,14,0.3257138729095459,0.016285693645477294,78.1
50,s10_n300,medium,9,20260710,10,300,0.3614557045927441,21,0.7700498104095459,0.015400996208190918,78.4
100,s10_n300,medium,9,20260710,10,300,0.36266256698784216,24,1.597935438156128,0.01597935438156128,78.42
150,s10_n300,medium,9,20260710,10,300,0.36287885370286177,24,2.382951259613037,0.01588634173075358,78.35333333333334
200,s10_n300,medium,9,20260710,10,300,0.36307297967185614,28,3.2492403984069824,0.01624620199203491,78.39
20,s10_n400,medium,0,20260701,10,400,0.2465106142857257,11,0.33968353271484375,0.016984176635742188,69.35
50,s10_n400,medium,0,20260701,10,400,0.250338907288862,14,0.840484619140625,0.0168096923828125,68.96
100,s10_n400,medium,0,20260701,10,400,0.24973017679764775,19,1.6645989418029785,0.016645989418029784,69.12
150,s10_n400,medium,0,20260701,10,400,0.2534361594703575,23,2.520477056503296,0.01680318037668864,69.14
200,s10_n400,medium,0,20260701,10,400,0.2535230230941446,23,3.3530311584472656,0.01676515579223633,69.115
20,s10_n400,medium,1,20260702,10,400,0.2582636565425377,11,0.37047290802001953,0.018523645401000977,72.6
50,s10_n400,medium,1,20260702,10,400,0.2605850814280146,21,0.8775672912597656,0.01755134582519531,72.68
100,s10_n400,medium,1,20260702,10,400,0.2627196614070473,32,1.7247369289398193,0.017247369289398195,72.8
150,s10_n400,medium,1,20260702,10,400,0.26321906281014795,34,2.743884801864624,0.01829256534576416,72.78
200,s10_n400,medium,1,20260702,10,400,0.2634032549538536,36,3.473665952682495,0.017368329763412474,72.8
20,s10_n400,medium,2,20260703,10,400,0.2723903537421645,13,0.3580021858215332,0.01790010929107666,75.95
50,s10_n400,medium,2,20260703,10,400,0.27390919990869894,21,0.8883330821990967,0.017766661643981933,75.94
100,s10_n400,medium,2,20260703,10,400,0.27436505627639984,29,1.7733800411224365,0.017733800411224365,76.01
150,s10_n400,medium,2,20260703,10,400,0.27655382314153365,30,2.771491527557373,0.01847661018371582,75.96
200,s10_n400,medium,2,20260703,10,400,0.27501437495287184,29,3.837297201156616,0.01918648600578308,75.97
20,s10_n400,medium,3,20260704,10,400,0.2710525098536214,11,0.3570060729980469,0.017850303649902345,73.9
50,s10_n400,medium,3,20260704,10,400,0.2739651099619006,19,0.9284548759460449,0.0185690975189209,74.24
100,s10_n400,medium,3,20260704,10,400,0.2740964490156629,23,1.7826697826385498,0.017826697826385497,74.13
150,s10_n400,medium,3,20260704,10,400,0.2744130055356049,27,2.8283767700195312,0.018855845133463542,74.10666666666667
200,s10_n400,medium,3,20260704,10,400,0.2744330890898648,29,3.663926124572754,0.01831963062286377,74.13
20,s10_n400,medium,4,20260705,10,400,0.25841421006466253,14,0.39929866790771484,0.019964933395385742,78.0
50,s10_n400,medium,4,20260705,10,400,0.2617634887603041,20,0.9430506229400635,0.01886101245880127,77.74
100,s10_n400,medium,4,20260705,10,400,0.26199537935456807,22,1.9097075462341309,0.01909707546234131,77.85
150,s10_n400,medium,4,20260705,10,400,0.26263500388535943,27,2.807260751724243,0.01871507167816162,77.82666666666667
200,s10_n400,medium,4,20260705,10,400,0.2627005322391263,25,4.027887344360352,0.020139436721801757,77.81
20,s10_n400,medium,5,20260706,10,400,0.2629730824711026,14,0.34800052642822266,0.017400026321411133,74.2
50,s10_n400,medium,5,20260706,10,400,0.2641965442028286,19,0.9000582695007324,0.01800116539001465,74.24
100,s10_n400,medium,5,20260706,10,400,0.2647408494102626,23,1.7143447399139404,0.017143447399139405,74.2
150,s10_n400,medium,5,20260706,10,400,0.2649791417350277,30,2.755488395690918,0.01836992263793945,74.18666666666667
200,s10_n400,medium,5,20260706,10,400,0.2655167787782575,28,3.5331335067749023,0.01766566753387451,74.16
20,s10_n400,medium,6,20260707,10,400,0.270369960602957,12,0.3716006278991699,0.018580031394958497,77.25
50,s10_n400,medium,6,20260707,10,400,0.27498346926763917,18,0.9006743431091309,0.018013486862182616,77.2
100,s10_n400,medium,6,20260707,10,400,0.2760172878702377,23,1.817934513092041,0.01817934513092041,77.22
150,s10_n400,medium,6,20260707,10,400,0.2768801673122305,27,2.825920581817627,0.018839470545450845,77.18666666666667
200,s10_n400,medium,6,20260707,10,400,0.27638841025994065,27,3.826024293899536,0.01913012146949768,77.13
20,s10_n400,medium,7,20260708,10,400,0.26513876052960406,12,0.38759803771972656,0.019379901885986327,75.25
50,s10_n400,medium,7,20260708,10,400,0.26976666677143524,20,0.9212558269500732,0.018425116539001463,75.78
100,s10_n400,medium,7,20260708,10,400,0.2706359992698858,24,1.8172111511230469,0.01817211151123047,75.7
150,s10_n400,medium,7,20260708,10,400,0.2718484510649074,28,2.652158498764038,0.01768105665842692,75.7
200,s10_n400,medium,7,20260708,10,400,0.2727403337910993,26,3.634774923324585,0.018173874616622926,75.72
20,s10_n400,medium,8,20260709,10,400,0.27260760632537057,12,0.38142943382263184,0.019071471691131592,81.4
50,s10_n400,medium,8,20260709,10,400,0.2757197119348356,20,0.9751286506652832,0.019502573013305664,81.36
100,s10_n400,medium,8,20260709,10,400,0.2784950026595764,27,1.9709343910217285,0.019709343910217284,81.51
150,s10_n400,medium,8,20260709,10,400,0.2788224539160432,30,3.0312016010284424,0.020208010673522948,81.46
200,s10_n400,medium,8,20260709,10,400,0.27911687895988363,31,3.8641839027404785,0.019320919513702392,81.48
20,s10_n400,medium,9,20260710,10,400,0.2639243875613858,11,0.3765075206756592,0.01882537603378296,78.25
50,s10_n400,medium,9,20260710,10,400,0.26341169672165055,18,0.9049580097198486,0.018099160194396974,77.96
100,s10_n400,medium,9,20260710,10,400,0.2664206077153068,23,1.8457307815551758,0.018457307815551757,78.01
150,s10_n400,medium,9,20260710,10,400,0.2665324770204073,25,2.841620445251465,0.01894413630167643,78.04
200,s10_n400,medium,9,20260710,10,400,0.2664350360456553,30,3.7311177253723145,0.018655588626861574,78.035
20,s15_n400,large,0,20260701,15,400,0.3606798719808384,14,0.6227061748504639,0.031135308742523193,107.55
50,s15_n400,large,0,20260701,15,400,0.36252562935434984,18,1.6194181442260742,0.03238836288452149,107.3
100,s15_n400,large,0,20260701,15,400,0.36675959261813346,27,3.2503645420074463,0.032503645420074466,107.37
150,s15_n400,large,0,20260701,15,400,0.3660220581679936,30,4.961341857910156,0.03307561238606771,107.32
200,s15_n400,large,0,20260701,15,400,0.3679813842867813,28,6.259451866149902,0.03129725933074951,107.34
20,s15_n400,large,1,20260702,15,400,0.3555435665486171,15,0.6824076175689697,0.034120380878448486,110.9
50,s15_n400,large,1,20260702,15,400,0.36356636039258733,21,1.649848222732544,0.032996964454650876,110.74
100,s15_n400,large,1,20260702,15,400,0.3677830228703119,26,3.3932390213012695,0.0339323902130127,110.85
150,s15_n400,large,1,20260702,15,400,0.3652406026594452,28,5.136062860488892,0.03424041906992594,110.82666666666667
200,s15_n400,large,1,20260702,15,400,0.36799012474871423,31,6.310311555862427,0.03155155777931214,110.88
20,s15_n400,large,2,20260703,15,400,0.368590997093383,14,0.699505090713501,0.03497525453567505,111.4
50,s15_n400,large,2,20260703,15,400,0.3757409963453451,21,1.65114426612854,0.0330228853225708,111.58
100,s15_n400,large,2,20260703,15,400,0.3788761997093734,33,3.415919065475464,0.03415919065475464,111.57
150,s15_n400,large,2,20260703,15,400,0.3785642962545402,35,5.1956093311309814,0.03463739554087321,111.66
200,s15_n400,large,2,20260703,15,400,0.3788508315991558,35,6.276720285415649,0.031383601427078245,111.66
20,s15_n400,large,3,20260704,15,400,0.3433491160862575,11,0.6233294010162354,0.031166470050811766,107.95
50,s15_n400,large,3,20260704,15,400,0.3483053598571726,26,1.6540958881378174,0.03308191776275635,107.88
100,s15_n400,large,3,20260704,15,400,0.34775667628818513,35,3.2749745845794678,0.03274974584579468,107.81
150,s15_n400,large,3,20260704,15,400,0.34940239713312127,37,4.961021900177002,0.033073479334513343,107.87333333333333
200,s15_n400,large,3,20260704,15,400,0.35010610960929556,42,6.358440637588501,0.03179220318794251,107.91
20,s15_n400,large,4,20260705,15,400,0.3807734917066863,12,0.6715118885040283,0.033575594425201416,112.1
50,s15_n400,large,4,20260705,15,400,0.3840386410177472,21,1.7136433124542236,0.034272866249084474,111.98
100,s15_n400,large,4,20260705,15,400,0.386840643204195,30,3.326662540435791,0.03326662540435791,111.81
150,s15_n400,large,4,20260705,15,400,0.386453874896314,29,5.124939203262329,0.034166261355082196,111.76666666666667
200,s15_n400,large,4,20260705,15,400,0.387248520789078,29,6.4855029582977295,0.03242751479148865,111.905
20,s15_n400,large,5,20260706,15,400,0.38251115675777064,12,0.6559410095214844,0.032797050476074216,114.75
50,s15_n400,large,5,20260706,15,400,0.38536154712694515,20,1.7416510581970215,0.03483302116394043,115.16
100,s15_n400,large,5,20260706,15,400,0.38671895888414254,29,3.6306052207946777,0.036306052207946776,115.08
150,s15_n400,large,5,20260706,15,400,0.3872052241707731,31,5.316009759902954,0.035440065066019696,115.10666666666667
200,s15_n400,large,5,20260706,15,400,0.38718708877321933,34,6.62066388130188,0.0331033194065094,115.095
20,s15_n400,large,6,20260707,15,400,0.3819166405698625,12,0.6832501888275146,0.034162509441375735,113.6
50,s15_n400,large,6,20260707,15,400,0.38136687148205956,21,1.7475197315216064,0.034950394630432126,113.3
100,s15_n400,large,6,20260707,15,400,0.3823458366496766,28,3.4011600017547607,0.034011600017547605,113.11
150,s15_n400,large,6,20260707,15,400,0.3817394671507646,35,5.331571817398071,0.035543812115987145,113.07333333333334
200,s15_n400,large,6,20260707,15,400,0.384847592153876,40,6.563343524932861,0.03281671762466431,113.15
20,s15_n400,large,7,20260708,15,400,0.39423276581620825,13,0.6569981575012207,0.032849907875061035,112.95
50,s15_n400,large,7,20260708,15,400,0.3982823491291698,22,1.722808599472046,0.03445617198944092,113.3
100,s15_n400,large,7,20260708,15,400,0.3991035900964663,32,3.414921760559082,0.03414921760559082,113.34
150,s15_n400,large,7,20260708,15,400,0.39933880480196604,34,5.291887283325195,0.035279248555501304,113.42
200,s15_n400,large,7,20260708,15,400,0.3996886121206755,41,6.659653186798096,0.033298265933990476,113.48
20,s15_n400,large,8,20260709,15,400,0.3764959737591332,15,0.6620419025421143,0.03310209512710571,113.15
50,s15_n400,large,8,20260709,15,400,0.3787071133083598,27,1.758634090423584,0.03517268180847168,113.16
100,s15_n400,large,8,20260709,15,400,0.379226549085678,31,3.4545998573303223,0.034545998573303226,113.08
150,s15_n400,large,8,20260709,15,400,0.3791869992682712,38,5.212157249450684,0.03474771499633789,112.98666666666666
200,s15_n400,large,8,20260709,15,400,0.37963884054484787,42,6.546740770339966,0.03273370385169983,112.945
20,s15_n400,large,9,20260710,15,400,0.36473586494328625,13,0.6348271369934082,0.03174135684967041,107.6
50,s15_n400,large,9,20260710,15,400,0.3678231707489686,22,1.6313023567199707,0.032626047134399414,107.64
100,s15_n400,large,9,20260710,15,400,0.3687008771037704,34,3.3023295402526855,0.03302329540252685,107.52
150,s15_n400,large,9,20260710,15,400,0.3706161019983168,34,4.990464210510254,0.033269761403401696,107.69333333333333
200,s15_n400,large,9,20260710,15,400,0.3721890725099309,38,6.115571022033691,0.03057785511016846,107.63
20,s20_n600,large,0,20260701,20,600,0.2696932042522837,11,1.1675355434417725,0.058376777172088626,117.4
50,s20_n600,large,0,20260701,20,600,0.27402444097444223,26,2.90170955657959,0.0580341911315918,117.62
100,s20_n600,large,0,20260701,20,600,0.27441768332804933,30,5.422180891036987,0.05422180891036987,117.52
150,s20_n600,large,0,20260701,20,600,0.27479451141506545,38,8.164645671844482,0.054430971145629885,117.47333333333333
200,s20_n600,large,0,20260701,20,600,0.2749124947542357,37,11.012253522872925,0.055061267614364626,117.545
20,s20_n600,large,1,20260702,20,600,0.3469943102036561,13,1.4757611751556396,0.07378805875778198,151.95
50,s20_n600,large,1,20260702,20,600,0.34750183450137545,21,3.839646339416504,0.07679292678833008,152.7
100,s20_n600,large,1,20260702,20,600,0.34895569752284855,32,6.81469464302063,0.0681469464302063,152.39
150,s20_n600,large,1,20260702,20,600,0.3493462573027216,36,10.675590515136719,0.07117060343424479,152.46
200,s20_n600,large,1,20260702,20,600,0.3495813556378023,37,14.047844648361206,0.07023922324180604,152.48
20,s20_n600,large,2,20260703,20,600,0.3148004268954339,14,1.2424232959747314,0.06212116479873657,129.7
50,s20_n600,large,2,20260703,20,600,0.3194605228316093,24,3.1590142250061035,0.06318028450012207,129.72
100,s20_n600,large,2,20260703,20,600,0.319133028414599,32,5.719864368438721,0.05719864368438721,129.75
150,s20_n600,large,2,20260703,20,600,0.3193240542642315,42,9.021584749221802,0.060143898328145345,129.62666666666667
200,s20_n600,large,2,20260703,20,600,0.32019252517171326,39,11.833640098571777,0.05916820049285889,129.72
20,s20_n600,large,3,20260704,20,600,0.3254702129424957,16,1.3843505382537842,0.0692175269126892,143.3
50,s20_n600,large,3,20260704,20,600,0.3237234920718871,27,3.5736451148986816,0.07147290229797364,143.56
100,s20_n600,large,3,20260704,20,600,0.3278279276865057,27,6.405173063278198,0.06405173063278198,143.46
150,s20_n600,large,3,20260704,20,600,0.329701099403522,42,9.725110054016113,0.06483406702677409,143.68
200,s20_n600,large,3,20260704,20,600,0.32911283703609384,44,13.104872465133667,0.06552436232566833,143.625
20,s20_n600,large,4,20260705,20,600,0.3230970976074539,13,1.3587369918823242,0.06793684959411621,138.8
50,s20_n600,large,4,20260705,20,600,0.3213622343279985,23,3.4186882972717285,0.06837376594543457,138.94
100,s20_n600,large,4,20260705,20,600,0.32502497911264217,35,6.148300409317017,0.06148300409317017,138.95
150,s20_n600,large,4,20260705,20,600,0.3247189982242956,45,9.533247470855713,0.06355498313903808,138.96
200,s20_n600,large,4,20260705,20,600,0.32552978698202173,39,12.896828174591064,0.06448414087295533,138.995
20,s20_n600,large,5,20260706,20,600,0.3284920349838665,13,1.325826644897461,0.06629133224487305,138.15
50,s20_n600,large,5,20260706,20,600,0.33163481090381824,20,3.397951126098633,0.06795902252197265,138.02
100,s20_n600,large,5,20260706,20,600,0.3331102886912345,28,6.135514736175537,0.061355147361755374,138.46
150,s20_n600,large,5,20260706,20,600,0.3338659981802504,38,9.400023698806763,0.06266682465871175,138.44
200,s20_n600,large,5,20260706,20,600,0.3338093047420302,42,12.708836078643799,0.06354418039321899,138.43
20,s20_n600,large,6,20260707,20,600,0.2663134863866,12,1.128016710281372,0.056400835514068604,116.95
50,s20_n600,large,6,20260707,20,600,0.26825614858425817,22,2.8578336238861084,0.057156672477722166,117.28
100,s20_n600,large,6,20260707,20,600,0.2704950091595233,38,5.253654956817627,0.05253654956817627,117.1
150,s20_n600,large,6,20260707,20,600,0.2712199785136445,36,8.009777069091797,0.053398513793945314,117.12666666666667
200,s20_n600,large,6,20260707,20,600,0.27091151801884694,39,10.814014196395874,0.05407007098197937,117.075
20,s20_n600,large,7,20260708,20,600,0.30671050867419203,15,1.329746961593628,0.0664873480796814,137.9
50,s20_n600,large,7,20260708,20,600,0.3091012237908767,25,3.4407248497009277,0.06881449699401855,137.96
100,s20_n600,large,7,20260708,20,600,0.3101796005623776,39,6.190139055252075,0.06190139055252075,138.28
150,s20_n600,large,7,20260708,20,600,0.3109118811858954,36,9.68152117729187,0.06454347451527913,138.26
200,s20_n600,large,7,20260708,20,600,0.31161014753061017,46,12.762166976928711,0.06381083488464355,138.265
20,s20_n600,large,8,20260709,20,600,0.30667002442557745,13,1.2749547958374023,0.06374773979187012,131.6
50,s20_n600,large,8,20260709,20,600,0.30833914000296336,23,3.248077869415283,0.06496155738830567,131.02
100,s20_n600,large,8,20260709,20,600,0.308930233096516,34,6.01620078086853,0.0601620078086853,131.15
150,s20_n600,large,8,20260709,20,600,0.31018673426332743,33,9.112572431564331,0.060750482877095544,131.04
200,s20_n600,large,8,20260709,20,600,0.31102801344196707,32,12.061266899108887,0.060306334495544435,131.08
20,s20_n600,large,9,20260710,20,600,0.23757879150791117,13,1.009270191192627,0.050463509559631345,104.8
50,s20_n600,large,9,20260710,20,600,0.2426724015489975,30,2.5588388442993164,0.051176776885986326,105.06
100,s20_n600,large,9,20260710,20,600,0.24453152497321495,33,4.800403118133545,0.04800403118133545,104.82
150,s20_n600,large,9,20260710,20,600,0.24539822865893782,42,7.208927869796753,0.048059519131978354,104.88666666666667
200,s20_n600,large,9,20260710,20,600,0.2450294364656747,48,9.807649850845337,0.04903824925422669,104.865
20,s20_n800,large,0,20260701,20,800,0.2363169150816267,14,1.591167688369751,0.07955838441848755,131.2
50,s20_n800,large,0,20260701,20,800,0.2379653796846251,27,3.979471206665039,0.07958942413330078,130.7
100,s20_n800,large,0,20260701,20,800,0.23882200646948837,37,7.361989498138428,0.07361989498138427,130.87
150,s20_n800,large,0,20260701,20,800,0.23932874893935951,43,10.993001937866211,0.07328667958577474,130.83333333333334
200,s20_n800,large,0,20260701,20,800,0.23961549496162318,51,15.187889575958252,0.07593944787979126,130.87
20,s20_n800,large,1,20260702,20,800,0.22073401596978942,13,1.522362232208252,0.0761181116104126,122.75
50,s20_n800,large,1,20260702,20,800,0.22237536426135654,26,4.115650653839111,0.08231301307678222,122.62
100,s20_n800,large,1,20260702,20,800,0.22383452642315535,39,8.134857416152954,0.08134857416152955,122.56
150,s20_n800,large,1,20260702,20,800,0.2256836093791335,37,12.057628631591797,0.08038419087727865,122.55333333333333
200,s20_n800,large,1,20260702,20,800,0.22574658005732337,42,16.019668340682983,0.08009834170341491,122.55
20,s20_n800,large,2,20260703,20,800,0.22606659542524649,12,1.7699079513549805,0.08849539756774902,124.4
50,s20_n800,large,2,20260703,20,800,0.2275857869537695,27,4.450983285903931,0.08901966571807861,124.36
100,s20_n800,large,2,20260703,20,800,0.22830479215234586,37,7.894806861877441,0.07894806861877442,124.32
150,s20_n800,large,2,20260703,20,800,0.22888638158226873,43,12.45789885520935,0.083052659034729,124.30666666666667
200,s20_n800,large,2,20260703,20,800,0.22915791516194617,45,15.984190464019775,0.07992095232009888,124.25
20,s20_n800,large,3,20260704,20,800,0.24849991627860246,12,1.8722832202911377,0.09361416101455688,137.0
50,s20_n800,large,3,20260704,20,800,0.2543896100552849,26,4.939672470092773,0.09879344940185547,137.28
100,s20_n800,large,3,20260704,20,800,0.2543589277201991,34,8.830127954483032,0.08830127954483032,137.26
150,s20_n800,large,3,20260704,20,800,0.2569798806607966,37,13.410585880279541,0.08940390586853027,137.26666666666668
200,s20_n800,large,3,20260704,20,800,0.256516125919911,46,17.784676790237427,0.08892338395118714,137.345
20,s20_n800,large,4,20260705,20,800,0.24860076536994652,15,1.9437870979309082,0.09718935489654541,136.65
50,s20_n800,large,4,20260705,20,800,0.25068741684101975,26,4.802830696105957,0.09605661392211914,136.72
100,s20_n800,large,4,20260705,20,800,0.2510409027730704,37,8.858097076416016,0.08858097076416016,136.36
150,s20_n800,large,4,20260705,20,800,0.25199325011273155,50,13.060855627059937,0.08707237084706625,136.30666666666667
200,s20_n800,large,4,20260705,20,800,0.2517282077920927,49,18.17113757133484,0.0908556878566742,136.425
20,s20_n800,large,5,20260706,20,800,0.19030742935731743,13,1.4241347312927246,0.07120673656463623,99.1
50,s20_n800,large,5,20260706,20,800,0.1931249305298595,29,3.5786120891571045,0.07157224178314209,98.9
100,s20_n800,large,5,20260706,20,800,0.192607772207937,40,6.312139987945557,0.06312139987945557,98.88
150,s20_n800,large,5,20260706,20,800,0.19301557952057816,44,9.313560724258423,0.062090404828389484,98.83333333333333
200,s20_n800,large,5,20260706,20,800,0.19504615617618573,50,13.006656885147095,0.06503328442573547,98.82
20,s20_n800,large,6,20260707,20,800,0.22848767248192867,14,1.9072296619415283,0.09536148309707641,127.2
50,s20_n800,large,6,20260707,20,800,0.23175383739439287,24,4.637833595275879,0.09275667190551758,127.7
100,s20_n800,large,6,20260707,20,800,0.23343771833730875,43,8.000728845596313,0.08000728845596314,127.38
150,s20_n800,large,6,20260707,20,800,0.2337898389039477,47,12.291867733001709,0.08194578488667806,127.27333333333333
200,s20_n800,large,6,20260707,20,800,0.23478214327392155,49,16.790818214416504,0.08395409107208252,127.365
20,s20_n800,large,7,20260708,20,800,0.22719841399374402,12,1.7740113735198975,0.08870056867599488,123.15
50,s20_n800,large,7,20260708,20,800,0.23079539125832169,24,4.399395942687988,0.08798791885375977,123.02
100,s20_n800,large,7,20260708,20,800,0.2322440588334809,33,7.8182103633880615,0.07818210363388062,122.99
150,s20_n800,large,7,20260708,20,800,0.23250230195836513,37,11.5786452293396,0.07719096819559733,122.94666666666667
200,s20_n800,large,7,20260708,20,800,0.23262837717820736,39,16.027633666992188,0.08013816833496094,122.81
20,s20_n800,large,8,20260709,20,800,0.23995949848345108,16,1.935838222503662,0.09679191112518311,136.35
50,s20_n800,large,8,20260709,20,800,0.24286372539880796,26,4.7881920337677,0.095763840675354,136.16
100,s20_n800,large,8,20260709,20,800,0.24394415532581826,35,8.57288384437561,0.0857288384437561,136.05
150,s20_n800,large,8,20260709,20,800,0.24296412534993075,47,12.97068166732788,0.08647121111551921,136.08
200,s20_n800,large,8,20260709,20,800,0.2443590762109843,43,17.922181844711304,0.08961090922355652,135.935
20,s20_n800,large,9,20260710,20,800,0.24860076536994652,15,1.8990800380706787,0.09495400190353394,136.65
50,s20_n800,large,9,20260710,20,800,0.25068741684101975,26,4.72932243347168,0.0945864486694336,136.72
100,s20_n800,large,9,20260710,20,800,0.2510409027730704,37,8.621166944503784,0.08621166944503784,136.36
150,s20_n800,large,9,20260710,20,800,0.25199325011273155,50,13.002034187316895,0.08668022791544597,136.30666666666667
200,s20_n800,large,9,20260710,20,800,0.2517282077920927,49,17.987393856048584,0.08993696928024292,136.425
