num_prefs,scale,scale_group,instance_idx,seed,satellites,tasks,hv,normalized_hv,igd_to_k200,nd_points,seconds,seconds_per_pref,avg_scheduled
20,s3_n100,small,0,20260701,3,100,0.317657187868134,99.92605281707623,0.002447904294356285,7,0.13755154609680176,0.006877577304840088,25.8
50,s3_n100,small,0,20260701,3,100,0.3178922602393136,99.99999999999996,2.7755575615628914e-17,8,0.2022857666015625,0.00404571533203125,25.86
100,s3_n100,small,0,20260701,3,100,0.3178922602393137,100.0,1.3877787807814457e-17,8,0.5266299247741699,0.005266299247741699,25.89
150,s3_n100,small,0,20260701,3,100,0.3178922602393137,100.0,0.0,8,0.7738568782806396,0.005159045855204264,25.886666666666667
200,s3_n100,small,0,20260701,3,100,0.3178922602393137,100.0,0.0,8,1.0153086185455322,0.005076543092727661,25.89
20,s3_n100,small,1,20260702,3,100,0.3204471221454662,98.88890320053673,0.013868546993285312,9,0.062250375747680664,0.0031125187873840333,26.05
50,s3_n100,small,1,20260702,3,100,0.3212257817335098,99.12919492827226,0.012582312179858855,10,0.11633038520812988,0.0023266077041625977,26.08
100,s3_n100,small,1,20260702,3,100,0.32190232008577274,99.33797238640781,0.00818512822886769,13,0.5016365051269531,0.005016365051269531,26.09
150,s3_n100,small,1,20260702,3,100,0.3216172196259397,99.24999134421246,0.008213824036378558,12,0.8059179782867432,0.005372786521911621,26.08
200,s3_n100,small,1,20260702,3,100,0.32404760471013794,100.0,0.0,13,1.0545985698699951,0.0052729928493499756,26.085
20,s3_n100,small,2,20260703,3,100,0.29291335210544284,98.90658402496362,0.01177322569860797,7,0.05700421333312988,0.002850210666656494,23.65
50,s3_n100,small,2,20260703,3,100,0.29314831426516136,98.98592252020751,0.0050711188624714375,9,0.10399580001831055,0.0020799160003662108,23.52
100,s3_n100,small,2,20260703,3,100,0.2959994179200254,99.9486404064928,0.00020800659338807148,10,0.5075907707214355,0.005075907707214356,23.55
150,s3_n100,small,2,20260703,3,100,0.29641247527924186,100.08811541544277,0.0,11,0.748358964920044,0.004989059766133627,23.553333333333335
200,s3_n100,small,2,20260703,3,100,0.29615152013693313,100.0,0.0,10,0.9901247024536133,0.004950623512268066,23.555
20,s3_n100,small,3,20260704,3,100,0.2812693179630183,97.39755918993403,0.0326800502728023,7,0.05455899238586426,0.002727949619293213,21.5
50,s3_n100,small,3,20260704,3,100,0.2883069701783046,99.83454788518391,0.006639278303564107,8,0.10899901390075684,0.0021799802780151367,21.42
100,s3_n100,small,3,20260704,3,100,0.2887847706886758,100.0,0.0,9,0.5180003643035889,0.005180003643035888,21.44
150,s3_n100,small,3,20260704,3,100,0.2887847706886758,100.0,0.0,9,0.758246898651123,0.00505497932434082,21.406666666666666
200,s3_n100,small,3,20260704,3,100,0.2887847706886758,100.0,0.0,9,1.0067780017852783,0.005033890008926392,21.395
20,s3_n100,small,4,20260705,3,100,0.3317424889171007,98.60488252322699,0.01521961495454162,8,0.07256865501403809,0.0036284327507019043,24.7
50,s3_n100,small,4,20260705,3,100,0.3333470465514825,99.08181032815314,0.006407858238161068,10,0.11806321144104004,0.002361264228820801,24.8
100,s3_n100,small,4,20260705,3,100,0.3347268397418347,99.49193067747935,0.00037871514900507006,11,0.5479996204376221,0.005479996204376221,24.8
150,s3_n100,small,4,20260705,3,100,0.3364361687048881,100.0,0.0,11,0.7740879058837891,0.00516058603922526,24.833333333333332
200,s3_n100,small,4,20260705,3,100,0.3364361687048881,100.0,0.0,11,1.1285674571990967,0.005642837285995484,24.825
20,s3_n100,small,5,20260706,3,100,0.33392020756556656,98.32059125791454,0.003413699061715597,10,0.06236672401428223,0.0031183362007141113,24.8
50,s3_n100,small,5,20260706,3,100,0.3391411870093159,99.8578740405208,0.002034347583494604,9,0.11400008201599121,0.0022800016403198243,24.7
100,s3_n100,small,5,20260706,3,100,0.3395062274096757,99.96535776622301,0.0007410440971872946,9,0.543062686920166,0.00543062686920166,24.68
150,s3_n100,small,5,20260706,3,100,0.34019599197323375,100.16845436888809,0.001009677451487112,9,0.8029086589813232,0.005352724393208822,24.686666666666667
200,s3_n100,small,5,20260706,3,100,0.33962388070839317,100.0,0.0,9,1.1712288856506348,0.005856144428253174,24.68
20,s3_n100,small,6,20260707,3,100,0.31634900285612344,98.78743089192137,0.012743479386210232,9,0.06300115585327148,0.003150057792663574,22.8
50,s3_n100,small,6,20260707,3,100,0.31977981800032984,99.85878376770519,0.005268340382471067,9,0.12000083923339844,0.0024000167846679687,22.9
100,s3_n100,small,6,20260707,3,100,0.32023203761845553,99.99999999999999,0.0,10,0.5004184246063232,0.005004184246063232,22.91
150,s3_n100,small,6,20260707,3,100,0.32023203761845553,99.99999999999999,5.551115123125783e-18,10,0.8131380081176758,0.005420920054117839,22.893333333333334
200,s3_n100,small,6,20260707,3,100,0.32023203761845553,99.99999999999999,0.0,10,1.0248980522155762,0.0051244902610778804,22.89
20,s3_n100,small,7,20260708,3,100,0.2921455944152819,99.35037072379392,0.010128120604882038,7,0.05700111389160156,0.002850055694580078,22.55
50,s3_n100,small,7,20260708,3,100,0.29352202712600334,99.81845616715044,0.0039767856834113735,8,0.1120004653930664,0.0022400093078613283,22.62
100,s3_n100,small,7,20260708,3,100,0.29405586741843376,100.0,0.0,9,0.5555562973022461,0.005555562973022461,22.67
150,s3_n100,small,7,20260708,3,100,0.29405586741843376,100.0,0.0,9,0.7753355503082275,0.005168903668721517,22.686666666666667
200,s3_n100,small,7,20260708,3,100,0.29405586741843376,100.0,0.0,9,1.0252752304077148,0.005126376152038575,22.685
20,s3_n100,small,8,20260709,3,100,0.3100305616101231,98.17390778012108,0.01320925810253718,7,0.05899667739868164,0.002949833869934082,23.7
50,s3_n100,small,8,20260709,3,100,0.31579731175058734,100.0,1.1102230246251566e-17,10,0.11899852752685547,0.0023799705505371093,23.74
100,s3_n100,small,8,20260709,3,100,0.31579731175058734,100.0,0.0,10,0.5019991397857666,0.005019991397857666,23.73
150,s3_n100,small,8,20260709,3,100,0.31579731175058734,100.0,0.0,10,0.7871146202087402,0.0052474308013916015,23.733333333333334
200,s3_n100,small,8,20260709,3,100,0.31579731175058734,100.0,0.0,10,1.0963661670684814,0.005481830835342407,23.725
20,s3_n100,small,9,20260710,3,100,0.2932989092416261,97.78329751346155,0.015968203722967794,9,0.05700254440307617,0.0028501272201538084,20.75
50,s3_n100,small,9,20260710,3,100,0.296896124681289,98.98257775785821,0.004562312937598327,14,0.10599970817565918,0.0021199941635131835,20.82
100,s3_n100,small,9,20260710,3,100,0.29602372131931587,98.69172608808509,0.009076592264685778,12,0.509601354598999,0.00509601354598999,20.8
150,s3_n100,small,9,20260710,3,100,0.2972051846803726,99.0856156652205,0.004071130474451178,14,0.7461657524108887,0.004974438349405925,20.813333333333333
200,s3_n100,small,9,20260710,3,100,0.29994786093325243,100.0,0.0,15,1.006023645401001,0.005030118227005005,20.835
20,s5_n150,small,0,20260701,5,150,0.3218846666295824,98.1862693709856,0.00935895385139526,9,0.13478946685791016,0.006739473342895508,36.6
50,s5_n150,small,0,20260701,5,150,0.3246099938339287,99.01759107950907,0.003617963320707955,13,0.2630174160003662,0.005260348320007324,36.36
100,s5_n150,small,0,20260701,5,150,0.32615322074327313,99.48833016319404,0.0006992263527351578,14,1.049849510192871,0.01049849510192871,36.33
150,s5_n150,small,0,20260701,5,150,0.3278104371416244,99.99384009443217,0.00031146535729364527,12,1.4263947010040283,0.009509298006693522,36.333333333333336
200,s5_n150,small,0,20260701,5,150,0.32783063119892863,100.0,0.0,12,1.8936316967010498,0.009468158483505249,36.33
20,s5_n150,small,1,20260702,5,150,0.35235947514124794,97.27896246941174,0.013232694378582393,8,0.1046440601348877,0.005232203006744385,39.75
50,s5_n150,small,1,20260702,5,150,0.3616303617477177,99.83845722937929,0.0033691999190946296,13,0.2070014476776123,0.004140028953552246,39.86
100,s5_n150,small,1,20260702,5,150,0.3638740413529839,100.45788948397265,0.0020741398220421037,16,1.0331859588623047,0.010331859588623047,39.89
150,s5_n150,small,1,20260702,5,150,0.3615843472366148,99.82575360079989,0.0023390048485866055,16,1.5340659618377686,0.01022710641225179,39.906666666666666
200,s5_n150,small,1,20260702,5,150,0.36221549469346304,99.99999999999999,0.0,14,2.011284112930298,0.010056420564651489,39.905
20,s5_n150,small,2,20260703,5,150,0.34776170482318236,99.28213805927784,0.011467971623657309,11,0.10500001907348633,0.005250000953674316,40.15
50,s5_n150,small,2,20260703,5,150,0.3493013800769656,99.72169839324356,0.004160717929828491,11,0.2070000171661377,0.0041400003433227535,40.14
100,s5_n150,small,2,20260703,5,150,0.3500980916702683,99.94915078176896,0.001379965570026402,13,0.9655661582946777,0.009655661582946777,40.15
150,s5_n150,small,2,20260703,5,150,0.3506031566202856,100.09334126450777,3.837837816398586e-05,15,1.6040825843811035,0.010693883895874024,40.14666666666667
200,s5_n150,small,2,20260703,5,150,0.3502762043818458,100.00000000000001,0.0,14,1.9391489028930664,0.009695744514465332,40.125
20,s5_n150,small,3,20260704,5,150,0.3010277490571708,98.27593424583205,0.01977984163119258,10,0.09372115135192871,0.0046860575675964355,35.1
50,s5_n150,small,3,20260704,5,150,0.3057278658749889,99.81037209344687,0.0050071405153172405,14,0.1835954189300537,0.0036719083786010743,35.24
100,s5_n150,small,3,20260704,5,150,0.30567982841715385,99.7946893995347,0.0019182886199461948,19,0.9484364986419678,0.009484364986419677,35.23
150,s5_n150,small,3,20260704,5,150,0.30599895516635767,99.89887407858528,0.0015576175148146198,17,1.4189703464508057,0.009459802309672038,35.17333333333333
200,s5_n150,small,3,20260704,5,150,0.3063087126744232,100.0,0.0,18,1.941361904144287,0.009706809520721435,35.21
20,s5_n150,small,4,20260705,5,150,0.33179361767374616,96.44129189348592,0.02222457950305162,6,0.10303902626037598,0.0051519513130187985,37.7
50,s5_n150,small,4,20260705,5,150,0.34229620173559855,99.49404131719831,0.013874805015698682,8,0.20011448860168457,0.004002289772033691,37.58
100,s5_n150,small,4,20260705,5,150,0.3432619043211401,99.77473871453671,0.006263908813084997,12,0.9590785503387451,0.00959078550338745,37.51
150,s5_n150,small,4,20260705,5,150,0.34330527038381603,99.78734377649698,0.0014547025346540686,15,1.612135648727417,0.010747570991516114,37.53333333333333
200,s5_n150,small,4,20260705,5,150,0.3440368862335377,100.0,0.0,12,1.9711604118347168,0.009855802059173585,37.525
20,s5_n150,small,5,20260706,5,150,0.32142362597984103,96.9841618330097,0.030061909799346698,8,0.10056018829345703,0.0050280094146728516,38.5
50,s5_n150,small,5,20260706,5,150,0.3286231834192546,99.1565069482811,0.009307148750518926,11,0.19956040382385254,0.003991208076477051,38.62
100,s5_n150,small,5,20260706,5,150,0.3313261226689038,99.97207331125038,0.002709418869724126,16,0.965261697769165,0.009652616977691651,38.71
150,s5_n150,small,5,20260706,5,150,0.3301693909832727,99.62304902078439,0.003462384312610445,15,1.5459113121032715,0.01030607541402181,38.7
200,s5_n150,small,5,20260706,5,150,0.33141867693126853,100.0,0.0,16,1.9409048557281494,0.009704524278640747,38.68
20,s5_n150,small,6,20260707,5,150,0.3533645269822726,98.78839341885966,0.022588414906464217,8,0.10600161552429199,0.0053000807762146,40.3
50,s5_n150,small,6,20260707,5,150,0.35684955073601,99.762684473478,0.007804599405178567,13,0.20912432670593262,0.004182486534118652,40.4
100,s5_n150,small,6,20260707,5,150,0.35954397151723194,100.51595051985923,0.0032916353926276546,16,1.0662286281585693,0.010662286281585694,40.45
150,s5_n150,small,6,20260707,5,150,0.35771796595536787,100.00546307118698,0.003490419495531441,18,1.5551493167877197,0.01036766211191813,40.46
200,s5_n150,small,6,20260707,5,150,0.35769842463579526,100.00000000000001,0.0,16,1.9698772430419922,0.009849386215209961,40.47
20,s5_n150,small,7,20260708,5,150,0.31491195128674065,97.34182207862914,0.010858788533333757,8,0.09800100326538086,0.004900050163269043,37.4
50,s5_n150,small,7,20260708,5,150,0.3188713242094844,98.56569615839605,0.011495979156369605,8,0.19520068168640137,0.0039040136337280275,37.38
100,s5_n150,small,7,20260708,5,150,0.321756819757511,99.4576260870539,0.0015617378015537467,9,0.9494895935058594,0.009494895935058595,37.35
150,s5_n150,small,7,20260708,5,150,0.32257593709920107,99.71082185879426,0.003767572019461078,9,1.5010285377502441,0.010006856918334962,37.36
200,s5_n150,small,7,20260708,5,150,0.32351146153024174,100.0,0.0,10,1.950268030166626,0.00975134015083313,37.335
20,s5_n150,small,8,20260709,5,150,0.3124587466510176,99.02691229537118,0.025440883921576906,9,0.09300422668457031,0.004650211334228516,35.25
50,s5_n150,small,8,20260709,5,150,0.3095099594417716,98.09235918883307,0.006459568001421628,12,0.18500065803527832,0.0037000131607055663,35.42
100,s5_n150,small,8,20260709,5,150,0.31502959812848225,99.84168700247086,0.017417206947696457,11,1.079129934310913,0.01079129934310913,35.38
150,s5_n150,small,8,20260709,5,150,0.3176774843535395,100.68087617476095,0.002140033626944006,14,1.4546897411346436,0.00969793160756429,35.38666666666666
200,s5_n150,small,8,20260709,5,150,0.3155291217391849,100.0,0.0,12,1.9131507873535156,0.009565753936767578,35.37
20,s5_n150,small,9,20260710,5,150,0.3265588860816234,97.44102984023337,0.01828367121238338,8,0.09357881546020508,0.004678940773010254,35.1
50,s5_n150,small,9,20260710,5,150,0.334036817727068,99.67234980016507,0.010606279505869159,12,0.18599915504455566,0.0037199831008911132,35.0
100,s5_n150,small,9,20260710,5,150,0.33462709034710864,99.84847966352109,0.00379010553033281,14,0.9428679943084717,0.009428679943084717,35.06
150,s5_n150,small,9,20260710,5,150,0.3350860519298498,99.98542797877296,0.0002576766843036607,18,1.47066068649292,0.009804404576619467,35.026666666666664
200,s5_n150,small,9,20260710,5,150,0.33513488785684753,99.99999999999999,0.0,17,1.8695659637451172,0.009347829818725586,35.05
20,s5_n200,small,0,20260701,5,200,0.2534181201123591,98.90882379957799,0.014575775172298043,10,0.10608220100402832,0.005304110050201416,35.85
50,s5_n200,small,0,20260701,5,200,0.2548886148182752,99.48275632540204,0.009220364303781812,12,0.21400070190429688,0.004280014038085938,35.78
100,s5_n200,small,0,20260701,5,200,0.2557181436057244,99.80652053231083,0.0030173797748609833,14,1.1820921897888184,0.011820921897888184,35.7
150,s5_n200,small,0,20260701,5,200,0.2559822770889332,99.90961155097469,0.002656790546250432,14,1.8983533382415771,0.012655688921610514,35.7
200,s5_n200,small,0,20260701,5,200,0.2562138648275386,100.0,0.0,16,2.369603395462036,0.01184801697731018,35.68
20,s5_n200,small,1,20260702,5,200,0.250585279280909,97.45585305754877,0.0062313904221295985,10,0.11300182342529297,0.005650091171264649,40.45
50,s5_n200,small,1,20260702,5,200,0.2522892624485825,98.11855412952661,0.009680003302272438,8,0.22870421409606934,0.004574084281921386,40.24
100,s5_n200,small,1,20260702,5,200,0.2554950601891848,99.3653302946585,0.006869711801355376,8,1.1904613971710205,0.011904613971710205,40.34
150,s5_n200,small,1,20260702,5,200,0.25712696715397443,100.0,0.0,9,1.8365421295166016,0.012243614196777344,40.34
200,s5_n200,small,1,20260702,5,200,0.25712696715397443,100.0,0.0,9,2.4200642108917236,0.012100321054458619,40.33
20,s5_n200,small,2,20260703,5,200,0.262710021081487,97.2902482843226,0.015012691784813645,11,0.10700082778930664,0.005350041389465332,38.05
50,s5_n200,small,2,20260703,5,200,0.26819375732023765,99.32105798848804,0.005098860057196217,16,0.2884969711303711,0.005769939422607422,38.02
100,s5_n200,small,2,20260703,5,200,0.26893361546812294,99.59505203944435,0.0020079219425782405,21,1.1953747272491455,0.011953747272491455,38.04
150,s5_n200,small,2,20260703,5,200,0.2692629626279736,99.71702023396432,0.0012685716744433165,20,1.7556078433990479,0.011704052289326985,38.0
200,s5_n200,small,2,20260703,5,200,0.27002708464032177,100.0,0.0,16,2.400607109069824,0.01200303554534912,38.025
20,s5_n200,small,3,20260704,5,200,0.26875714318738886,99.20995196502368,0.012050705739253943,10,0.11500740051269531,0.0057503700256347655,40.75
50,s5_n200,small,3,20260704,5,200,0.26993040141278357,99.6430526104745,0.003538039546808206,14,0.23100018501281738,0.004620003700256348,40.82
100,s5_n200,small,3,20260704,5,200,0.27034470316575665,99.79598940881971,0.002300411746575485,15,1.1896328926086426,0.011896328926086426,40.82
150,s5_n200,small,3,20260704,5,200,0.27089736247643664,100.0,0.0,16,1.8211724758148193,0.012141149838765462,40.81333333333333
200,s5_n200,small,3,20260704,5,200,0.27089736247643664,100.0,0.0,16,2.4186367988586426,0.012093183994293212,40.815
20,s5_n200,small,4,20260705,5,200,0.26946249567044284,99.25290664973976,0.013667813630381382,7,0.11292457580566406,0.005646228790283203,40.7
50,s5_n200,small,4,20260705,5,200,0.2708529520127776,99.76506264830616,0.005806049483462251,10,0.3475677967071533,0.006951355934143066,40.74
100,s5_n200,small,4,20260705,5,200,0.2714348852225884,99.97940996371281,0.00026252659310964756,12,1.2397587299346924,0.012397587299346924,40.71
150,s5_n200,small,4,20260705,5,200,0.2714539430089194,99.98642964444038,0.00014124229718943317,11,1.8551599979400635,0.012367733319600423,40.72
200,s5_n200,small,4,20260705,5,200,0.27149078527379267,100.0,0.0,11,2.4487316608428955,0.012243658304214478,40.68
20,s5_n200,small,5,20260706,5,200,0.2706507390295939,96.12055749384284,0.020891472892196665,12,0.12200069427490234,0.0061000347137451175,42.8
50,s5_n200,small,5,20260706,5,200,0.27347664547175965,97.12416717774883,0.00902207104761751,15,0.24700045585632324,0.004940009117126465,42.82
100,s5_n200,small,5,20260706,5,200,0.28135967015476565,99.92379273940455,0.0010456064554744953,20,1.256181240081787,0.01256181240081787,42.7
150,s5_n200,small,5,20260706,5,200,0.2818864012564897,100.11085924189625,0.0020651424667322295,19,1.8640570640563965,0.01242704709370931,42.76
200,s5_n200,small,5,20260706,5,200,0.28157425017736804,100.0,0.0,20,2.552077531814575,0.012760387659072876,42.76
20,s5_n200,small,6,20260707,5,200,0.26846807829284053,98.8358238364169,0.00852891232806568,7,0.11107277870178223,0.005553638935089112,39.75
50,s5_n200,small,6,20260707,5,200,0.27062921256477124,99.63143979026003,0.006558140436934372,8,0.3169999122619629,0.006339998245239258,39.48
100,s5_n200,small,6,20260707,5,200,0.27152113941826456,99.95980033847641,0.0003802744606047949,12,1.2097094058990479,0.012097094058990478,39.41
150,s5_n200,small,6,20260707,5,200,0.2715249720387426,99.96121130772387,0.00038027446060479725,13,1.8149988651275635,0.012099992434183757,39.473333333333336
200,s5_n200,small,6,20260707,5,200,0.271630333893085,100.0,0.0,12,2.4056665897369385,0.012028332948684693,39.455
20,s5_n200,small,7,20260708,5,200,0.24994633203786856,97.542143220306,0.018352326089276942,10,0.10387873649597168,0.005193936824798584,36.75
50,s5_n200,small,7,20260708,5,200,0.25553474087593053,99.72303289694776,0.01056509778273376,12,0.21163725852966309,0.004232745170593261,36.6
100,s5_n200,small,7,20260708,5,200,0.25632125176052767,100.02997061723438,0.00010484826013129056,16,1.1605877876281738,0.011605877876281739,36.65
150,s5_n200,small,7,20260708,5,200,0.25639472872520497,100.05864517530254,0.00902102401362096,14,1.7539422512054443,0.011692948341369629,36.64666666666667
200,s5_n200,small,7,20260708,5,200,0.2562444537161201,100.0,0.0,15,2.3663644790649414,0.011831822395324708,36.65
20,s5_n200,small,8,20260709,5,200,0.2574549031092488,96.90575407026067,0.02036997030043504,10,0.1099998950958252,0.00549999475479126,38.0
50,s5_n200,small,8,20260709,5,200,0.2617321906584106,98.51572059379964,0.011315752844652041,13,0.21896696090698242,0.004379339218139648,38.02
100,s5_n200,small,8,20260709,5,200,0.26350182360808383,99.18180857015835,0.004659967577610885,16,1.2075884342193604,0.012075884342193604,37.99
150,s5_n200,small,8,20260709,5,200,0.2654467581685436,99.91387988797933,0.00014142064072816663,18,1.78029203414917,0.011868613560994466,37.98
200,s5_n200,small,8,20260709,5,200,0.26567555825692596,100.0,0.0,18,2.386317253112793,0.011931586265563964,37.975
20,s5_n200,small,9,20260710,5,200,0.23845673701320735,97.64500981414477,0.02684440774828538,7,0.12318587303161621,0.006159293651580811,34.15
50,s5_n200,small,9,20260710,5,200,0.24239021761979623,99.25572024004835,0.007782932633338831,14,0.3190000057220459,0.006380000114440918,34.08
100,s5_n200,small,9,20260710,5,200,0.24374629241685172,99.81101567235926,0.0016255686286508581,17,1.1339519023895264,0.011339519023895264,34.09
150,s5_n200,small,9,20260710,5,200,0.24366697439086282,99.77853594658956,0.003130666038980898,18,1.724421501159668,0.011496143341064453,34.04666666666667
200,s5_n200,small,9,20260710,5,200,0.24420780689876556,100.0,0.0,19,2.3374509811401367,0.011687254905700684,34.07
20,s8_n200,medium,0,20260701,8,200,0.38461302644696665,98.30560155594637,0.00994411560290311,13,0.18599987030029297,0.009299993515014648,60.2
50,s8_n200,medium,0,20260701,8,200,0.38931219011530566,99.50668960929032,0.00511508186951402,20,0.4090874195098877,0.008181748390197753,60.24
100,s8_n200,medium,0,20260701,8,200,0.39101171481698266,99.94108154786025,0.001210858969943526,20,1.8704948425292969,0.01870494842529297,60.4
150,s8_n200,medium,0,20260701,8,200,0.3907605449248349,99.87688349516188,0.0011952143786871608,21,2.7419631481170654,0.018279754320780436,60.333333333333336
200,s8_n200,medium,0,20260701,8,200,0.3912422286822393,100.0,0.0,22,3.656573534011841,0.018282867670059204,60.36
20,s8_n200,medium,1,20260702,8,200,0.4300899134852135,98.48277599116523,0.01673350194158597,11,0.1923384666442871,0.009616923332214356,61.25
50,s8_n200,medium,1,20260702,8,200,0.43474849094920587,99.54950558988115,0.0065762301847630935,21,0.4090867042541504,0.008181734085083008,61.24
100,s8_n200,medium,1,20260702,8,200,0.43589353774518924,99.81170050209015,0.002724490774421906,21,1.8784353733062744,0.018784353733062743,61.25
150,s8_n200,medium,1,20260702,8,200,0.4364997626681397,99.95051499509556,0.0014124517703419201,25,2.788831949234009,0.01859221299489339,61.29333333333334
200,s8_n200,medium,1,20260702,8,200,0.43671587153858904,100.0,0.0,23,3.732628107070923,0.018663140535354613,61.275
20,s8_n200,medium,2,20260703,8,200,0.3760468869021044,98.82895085243061,0.010497337415423384,13,0.1809999942779541,0.009049999713897704,57.6
50,s8_n200,medium,2,20260703,8,200,0.37962422816891783,99.76911256245776,0.004039273589183619,17,0.386000394821167,0.00772000789642334,57.48
100,s8_n200,medium,2,20260703,8,200,0.3801631571827721,99.91074859476727,0.0027195452222896293,18,1.8282089233398438,0.018282089233398437,57.41
150,s8_n200,medium,2,20260703,8,200,0.38050314226310056,100.00010013566458,0.0017041464495735435,18,2.6631340980529785,0.01775422732035319,57.46
200,s8_n200,medium,2,20260703,8,200,0.38050276124413185,100.0,0.0,21,3.5784037113189697,0.01789201855659485,57.43
20,s8_n200,medium,3,20260704,8,200,0.38601757605261255,96.42422165646265,0.011409174817405686,12,0.18499994277954102,0.009249997138977051,60.05
50,s8_n200,medium,3,20260704,8,200,0.39766795847055797,99.33439758196872,0.007767271422376911,15,0.4870774745941162,0.009741549491882323,60.12
100,s8_n200,medium,3,20260704,8,200,0.39966192343707485,99.83247469512182,0.003656359465315811,20,1.8863928318023682,0.018863928318023682,60.16
150,s8_n200,medium,3,20260704,8,200,0.4028197882158636,100.6212850298864,0.002741495606293522,20,2.8159310817718506,0.018772873878479004,60.2
200,s8_n200,medium,3,20260704,8,200,0.4003325818152876,100.0,0.0,22,3.6793572902679443,0.01839678645133972,60.225
20,s8_n200,medium,4,20260705,8,200,0.3813132552142412,97.98630948765617,0.012048296251077395,14,0.18600082397460938,0.009300041198730468,58.85
50,s8_n200,medium,4,20260705,8,200,0.3865803931609486,99.33980927268273,0.006720806849456044,21,0.4010887145996094,0.008021774291992188,59.2
100,s8_n200,medium,4,20260705,8,200,0.3867227266471418,99.37638479907179,0.002059963312154814,23,1.7952749729156494,0.017952749729156493,59.06
150,s8_n200,medium,4,20260705,8,200,0.38839447812806105,99.80597583939313,0.0012785565865006405,23,2.7245566844940186,0.018163711229960123,59.0
200,s8_n200,medium,4,20260705,8,200,0.38914952222205806,100.0,0.0,22,3.630100965499878,0.01815050482749939,59.005
20,s8_n200,medium,5,20260706,8,200,0.35077932033534265,97.82516766191738,0.018393397681235428,8,0.18199944496154785,0.009099972248077393,58.95
50,s8_n200,medium,5,20260706,8,200,0.357838167316877,99.79373550339751,0.00458183967778383,16,0.3920278549194336,0.007840557098388672,58.94
100,s8_n200,medium,5,20260706,8,200,0.358888772499058,100.0867277698603,0.003082761900207744,16,1.8542747497558594,0.018542747497558593,58.97
150,s8_n200,medium,5,20260706,8,200,0.35929667743992694,100.20048410302296,0.0018357295248201185,17,2.7168161869049072,0.01811210791269938,59.04666666666667
200,s8_n200,medium,5,20260706,8,200,0.35857778598206125,100.0,0.0,16,3.662108898162842,0.01831054449081421,59.02
20,s8_n200,medium,6,20260707,8,200,0.39557210052294334,99.16458861007315,0.01399824316675114,13,0.18387579917907715,0.009193789958953858,58.05
50,s8_n200,medium,6,20260707,8,200,0.3969616271523159,99.51292418880156,0.00430752806880782,19,0.4069976806640625,0.00813995361328125,57.84
100,s8_n200,medium,6,20260707,8,200,0.3986545892292587,99.93732694033675,0.0019090459057262052,19,1.835967779159546,0.01835967779159546,57.77
150,s8_n200,medium,6,20260707,8,200,0.3976621695084029,99.68854070587507,0.0023844624727725845,20,2.758476972579956,0.018389846483866375,57.74666666666667
200,s8_n200,medium,6,20260707,8,200,0.3989045949440475,100.0,0.0,20,3.6328012943267822,0.018164006471633912,57.76
20,s8_n200,medium,7,20260708,8,200,0.3824897410558399,97.07601392636242,0.009900875620988302,10,0.17600059509277344,0.008800029754638672,55.35
50,s8_n200,medium,7,20260708,8,200,0.39361811317010553,99.90039819183345,0.004123751196626496,15,0.37363648414611816,0.007472729682922364,55.12
100,s8_n200,medium,7,20260708,8,200,0.39362381357447945,99.90184495621686,0.0018651234370178499,17,1.838829755783081,0.01838829755783081,55.17
150,s8_n200,medium,7,20260708,8,200,0.39393295235985315,99.98030447502977,0.0013336987253629302,19,2.732666254043579,0.018217775026957195,55.18666666666667
200,s8_n200,medium,7,20260708,8,200,0.3940105548070605,100.0,0.0,20,3.6410369873046875,0.018205184936523438,55.19
20,s8_n200,medium,8,20260709,8,200,0.41234155361729774,98.83272865718548,0.011949649615921392,8,0.18899989128112793,0.009449994564056397,60.8
50,s8_n200,medium,8,20260709,8,200,0.4134313441853181,99.09393680988666,0.005687199088158369,13,0.4080016613006592,0.008160033226013184,60.56
100,s8_n200,medium,8,20260709,8,200,0.4171902983285026,99.9949075988093,0.0010400475201257295,20,1.8503193855285645,0.018503193855285646,60.61
150,s8_n200,medium,8,20260709,8,200,0.4172829636121863,100.0171182219151,0.0006030910539800013,20,2.798643112182617,0.018657620747884116,60.56
200,s8_n200,medium,8,20260709,8,200,0.4172115444141581,99.99999999999999,0.0,21,3.698101758956909,0.018490508794784546,60.555
20,s8_n200,medium,9,20260710,8,200,0.41111870215052365,98.00142043563082,0.011665874852137244,12,0.18860721588134766,0.009430360794067384,59.75
50,s8_n200,medium,9,20260710,8,200,0.41264501855546953,98.36525982054924,0.005795856531936652,17,0.4019947052001953,0.008039894104003907,59.46
100,s8_n200,medium,9,20260710,8,200,0.4171523694573309,99.43971055332692,0.0019367527370902837,19,1.8171932697296143,0.018171932697296143,59.48
150,s8_n200,medium,9,20260710,8,200,0.41809614772212017,99.6646859923955,0.0020532391256856213,21,2.7630937099456787,0.01842062473297119,59.48
200,s8_n200,medium,9,20260710,8,200,0.4195027993707031,100.0,0.0,22,3.667407512664795,0.018337037563323975,59.5
20,s10_n300,medium,0,20260701,10,300,0.3350125702443659,97.7252428775412,0.010764895908537951,9,0.39199352264404297,0.01959967613220215,78.15
50,s10_n300,medium,0,20260701,10,300,0.3390828428936701,98.91256663360483,0.007157176616001237,13,0.9434235095977783,0.018868470191955568,78.32
100,s10_n300,medium,0,20260701,10,300,0.33637543867995007,98.12280004615863,0.00398669473225076,24,3.7849879264831543,0.03784987926483154,78.08
150,s10_n300,medium,0,20260701,10,300,0.34045362585139843,99.3124325173795,0.0007507166662752834,23,5.831446886062622,0.038876312573750814,78.13333333333334
200,s10_n300,medium,0,20260701,10,300,0.3428106806182797,100.0,0.0,24,7.616223573684692,0.03808111786842346,78.14
20,s10_n300,medium,1,20260702,10,300,0.3296318674369835,95.51593111412316,0.014103922177638726,10,0.35582852363586426,0.01779142618179321,72.15
50,s10_n300,medium,1,20260702,10,300,0.34242901710908796,99.22410313050607,0.007936017692779853,16,0.847869873046875,0.0169573974609375,72.74
100,s10_n300,medium,1,20260702,10,300,0.34214305288670155,99.14124057483467,0.0028104192293894477,24,3.708111047744751,0.03708111047744751,72.72
150,s10_n300,medium,1,20260702,10,300,0.3446842695173037,99.87759739167387,0.001987105077140841,24,5.489039421081543,0.03659359614054362,72.76666666666667
200,s10_n300,medium,1,20260702,10,300,0.34510668910627773,100.0,0.0,23,7.2260284423828125,0.03613014221191406,72.76
20,s10_n300,medium,2,20260703,10,300,0.3299780220593011,98.298170684716,0.009976354267213472,14,0.36899638175964355,0.018449819087982176,73.95
50,s10_n300,medium,2,20260703,10,300,0.3314885301134237,98.74814058755427,0.006044243039028162,19,0.8651242256164551,0.017302484512329103,73.92
100,s10_n300,medium,2,20260703,10,300,0.33343661454036183,99.32846146563075,0.003077643209219177,17,3.6910970211029053,0.03691097021102905,74.0
150,s10_n300,medium,2,20260703,10,300,0.33546745846167714,99.93343582472792,0.0029495782134435857,17,5.640121936798096,0.0376008129119873,74.04
200,s10_n300,medium,2,20260703,10,300,0.33569090834628124,99.99999999999999,0.0,20,8.082936763763428,0.04041468381881714,74.02
20,s10_n300,medium,3,20260704,10,300,0.3305430341026674,98.70299142438334,0.01414802186585106,12,0.3719656467437744,0.018598282337188722,74.55
50,s10_n300,medium,3,20260704,10,300,0.3328535437256829,99.39292945960938,0.00774876045647867,18,0.8619751930236816,0.017239503860473633,74.28
100,s10_n300,medium,3,20260704,10,300,0.3338599355967874,99.6934467235501,0.0033028945657464746,25,3.810103416442871,0.03810103416442871,74.27
150,s10_n300,medium,3,20260704,10,300,0.334101298140826,99.76551965402068,0.003088384330090575,28,5.869393825531006,0.039129292170206706,74.23333333333333
200,s10_n300,medium,3,20260704,10,300,0.334886541261414,100.0,0.0,34,7.446233749389648,0.03723116874694824,74.215
20,s10_n300,medium,4,20260705,10,300,0.33801234404890695,98.52789810172249,0.012526178211115633,11,0.3765981197357178,0.01882990598678589,77.1
50,s10_n300,medium,4,20260705,10,300,0.34131490779607665,99.49056905171743,0.004941285297867037,22,0.7739441394805908,0.015478882789611816,77.34
100,s10_n300,medium,4,20260705,10,300,0.3424667398799911,99.82631890284652,0.004294611589603089,26,3.7326178550720215,0.037326178550720214,77.21
150,s10_n300,medium,4,20260705,10,300,0.34349281816121424,100.12541252506678,0.003824509061667,27,5.733511447906494,0.03822340965270996,77.19333333333333
200,s10_n300,medium,4,20260705,10,300,0.34306257472369417,100.0,0.0,27,7.765061140060425,0.038825305700302126,77.25
20,s10_n300,medium,5,20260706,10,300,0.3542866053582112,96.579152591502,0.019849066284600553,15,0.38407421112060547,0.019203710556030273,77.45
50,s10_n300,medium,5,20260706,10,300,0.3564024308662456,97.15593035139173,0.014178704089436774,20,0.9144785404205322,0.018289570808410646,77.42
100,s10_n300,medium,5,20260706,10,300,0.36120356961105127,98.4647292290087,0.0063526784567433416,21,3.779163360595703,0.03779163360595703,77.59
150,s10_n300,medium,5,20260706,10,300,0.36592925709814805,99.75295996088923,0.0022681891573619827,26,5.666449069976807,0.03777632713317871,77.52
200,s10_n300,medium,5,20260706,10,300,0.3668354876302621,100.0,0.0,30,7.5120320320129395,0.0375601601600647,77.565
20,s10_n300,medium,6,20260707,10,300,0.34221807325208214,97.58709279656007,0.018880852488491914,9,0.37906789779663086,0.018953394889831544,75.85
50,s10_n300,medium,6,20260707,10,300,0.346723416585031,98.8718389636305,0.006053535737516229,23,0.8851957321166992,0.017703914642333986,75.56
100,s10_n300,medium,6,20260707,10,300,0.3500121259685201,99.80964912876186,0.0029453162989121627,27,3.708115339279175,0.03708115339279175,75.53
150,s10_n300,medium,6,20260707,10,300,0.35239601875999116,100.48944130001568,0.0037816884226613335,30,5.71019434928894,0.038067962328592934,75.56
200,s10_n300,medium,6,20260707,10,300,0.3506796477332352,100.0,0.0,30,7.426409721374512,0.03713204860687256,75.545
20,s10_n300,medium,7,20260708,10,300,0.32951024264320294,97.05413515968301,0.015905979995987012,11,0.3614773750305176,0.01807386875152588,72.8
50,s10_n300,medium,7,20260708,10,300,0.33514643668145927,98.71422297239312,0.006941887348988468,19,0.8540561199188232,0.017081122398376464,72.96
100,s10_n300,medium,7,20260708,10,300,0.33907356453384174,99.87092145410674,0.0010937032184838511,28,3.690361738204956,0.03690361738204956,72.87
150,s10_n300,medium,7,20260708,10,300,0.33953570016224077,100.00703914617287,0.0020688097448646353,27,5.452934741973877,0.036352898279825845,72.86
200,s10_n300,medium,7,20260708,10,300,0.33951180143026394,100.0,0.0,28,7.317620754241943,0.03658810377120972,72.86
20,s10_n300,medium,8,20260709,10,300,0.3657415526259209,99.15242930517445,0.00869124929186702,12,0.38799381256103516,0.019399690628051757,78.85
50,s10_n300,medium,8,20260709,10,300,0.367804253338544,99.71162687274011,0.002528250943481157,23,0.9092531204223633,0.018185062408447264,79.06
100,s10_n300,medium,8,20260709,10,300,0.368490019742053,99.89753794670915,0.0014744747256996208,27,3.8414344787597656,0.03841434478759766,79.15
150,s10_n300,medium,8,20260709,10,300,0.3687612374636674,99.97106499272184,0.0009225221985253442,28,5.6760413646698,0.03784027576446533,79.16
200,s10_n300,medium,8,20260709,10,300,0.3688679694374709,100.0,0.0,28,7.581961154937744,0.03790980577468872,79.17
20,s10_n300,medium,9,20260710,10,300,0.35349597409124817,97.36223676318089,0.012204962953390061,14,0.3848257064819336,0.01924128532409668,78.1
50,s10_n300,medium,9,20260710,10,300,0.3614557045927441,99.55455922922886,0.007420803144812754,21,0.9222326278686523,0.018444652557373046,78.4
100,s10_n300,medium,9,20260710,10,300,0.36266256698784216,99.88696138049576,0.0038124480611965265,24,3.8261566162109375,0.03826156616210938,78.42
150,s10_n300,medium,9,20260710,10,300,0.36287885370286177,99.94653252104581,0.005725912433614158,24,5.748366832733154,0.03832244555155436,78.35333333333334
200,s10_n300,medium,9,20260710,10,300,0.36307297967185614,99.99999999999999,0.0,28,7.653622150421143,0.03826811075210571,78.39
20,s10_n400,medium,0,20260701,10,400,0.2465106142857257,97.23401499286523,0.009148990040773871,11,0.4056403636932373,0.020282018184661865,69.35
50,s10_n400,medium,0,20260701,10,400,0.250338907288862,98.74405260460301,0.006295873694793023,14,0.9712066650390625,0.01942413330078125,68.96
100,s10_n400,medium,0,20260701,10,400,0.24973017679764775,98.50394404018748,0.004319691204692378,19,4.549558162689209,0.04549558162689209,69.12
150,s10_n400,medium,0,20260701,10,400,0.2534361594703575,99.96573738245665,0.0015122489913926356,23,6.8719682693481445,0.0458131217956543,69.14
200,s10_n400,medium,0,20260701,10,400,0.2535230230941446,100.0,0.0,23,9.050795316696167,0.045253976583480834,69.115
20,s10_n400,medium,1,20260702,10,400,0.2582636565425377,98.04877186798002,0.017337718211505575,11,0.4150876998901367,0.020754384994506835,72.6
50,s10_n400,medium,1,20260702,10,400,0.2605850814280146,98.9300916094098,0.006260932972789517,21,1.003894567489624,0.02007789134979248,72.68
100,s10_n400,medium,1,20260702,10,400,0.2627196614070473,99.7404764239052,0.002539216110607362,32,4.467381715774536,0.04467381715774536,72.8
150,s10_n400,medium,1,20260702,10,400,0.26321906281014795,99.93007218390755,0.00162586484957238,34,6.8819568157196045,0.04587971210479736,72.78
200,s10_n400,medium,1,20260702,10,400,0.2634032549538536,100.0,0.0,36,9.208939552307129,0.04604469776153564,72.8
20,s10_n400,medium,2,20260703,10,400,0.2723903537421645,99.0458603441522,0.007294655801300834,13,0.42307519912719727,0.021153759956359864,75.95
50,s10_n400,medium,2,20260703,10,400,0.27390919990869894,99.5981391720479,0.004583558789691778,21,1.0271124839782715,0.02054224967956543,75.94
100,s10_n400,medium,2,20260703,10,400,0.27436505627639984,99.76389645938207,0.0015179668701783794,29,4.638602256774902,0.04638602256774902,76.01
150,s10_n400,medium,2,20260703,10,400,0.27655382314153365,100.55977008071874,0.0013660906426867943,30,6.941195011138916,0.046274633407592775,75.96
200,s10_n400,medium,2,20260703,10,400,0.27501437495287184,100.0,0.0,29,9.271717548370361,0.04635858774185181,75.97
20,s10_n400,medium,3,20260704,10,400,0.2710525098536214,98.76815902650266,0.010565295043367017,11,0.4235720634460449,0.021178603172302246,73.9
50,s10_n400,medium,3,20260704,10,400,0.2739651099619006,99.82947423376815,0.0028096521733908812,19,1.0179147720336914,0.02035829544067383,74.24
100,s10_n400,medium,3,20260704,10,400,0.2740964490156629,99.87733254932255,0.0036851904462313983,23,4.6236817836761475,0.04623681783676147,74.13
150,s10_n400,medium,3,20260704,10,400,0.2744130055356049,99.9926818029391,0.001420848922380297,27,7.055142402648926,0.04703428268432617,74.10666666666667
200,s10_n400,medium,3,20260704,10,400,0.2744330890898648,100.0,0.0,29,9.378724098205566,0.04689362049102783,74.13
20,s10_n400,medium,4,20260705,10,400,0.25841421006466253,98.36836182327863,0.009205451110803538,14,0.4350411891937256,0.02175205945968628,78.0
50,s10_n400,medium,4,20260705,10,400,0.2617634887603041,99.64330354764212,0.006399047742354198,20,1.0624687671661377,0.021249375343322753,77.74
100,s10_n400,medium,4,20260705,10,400,0.26199537935456807,99.73157538793397,0.00427164966676916,22,4.679147243499756,0.04679147243499756,77.85
150,s10_n400,medium,4,20260705,10,400,0.26263500388535943,99.97505587323772,0.0008240487964069837,27,7.076332330703735,0.04717554887135823,77.82666666666667
200,s10_n400,medium,4,20260705,10,400,0.2627005322391263,100.0,0.0,25,9.447952032089233,0.04723976016044617,77.81
20,s10_n400,medium,5,20260706,10,400,0.2629730824711026,99.04198283857637,0.01175747711937948,14,0.4203331470489502,0.02101665735244751,74.2
50,s10_n400,medium,5,20260706,10,400,0.2641965442028286,99.50276792995764,0.0065134648163645914,19,1.0083651542663574,0.02016730308532715,74.24
100,s10_n400,medium,5,20260706,10,400,0.2647408494102626,99.70776635225643,0.0031262480116966093,23,4.697891473770142,0.04697891473770142,74.2
150,s10_n400,medium,5,20260706,10,400,0.2649791417350277,99.79751296859516,0.0010284674844014794,30,6.949300765991211,0.04632867177327474,74.18666666666667
200,s10_n400,medium,5,20260706,10,400,0.2655167787782575,100.0,0.0,28,9.161426544189453,0.04580713272094727,74.16
20,s10_n400,medium,6,20260707,10,400,0.270369960602957,97.8224667049811,0.016305586599300065,12,0.4400360584259033,0.022001802921295166,77.25
50,s10_n400,medium,6,20260707,10,400,0.27498346926763917,99.49167876070484,0.006870161868768016,18,1.062004566192627,0.021240091323852538,77.2
100,s10_n400,medium,6,20260707,10,400,0.2760172878702377,99.8657243299913,0.0031240926021306754,23,4.701896667480469,0.04701896667480469,77.22
150,s10_n400,medium,6,20260707,10,400,0.2768801673122305,100.17792245768457,0.0006871993641909565,27,7.066849708557129,0.04711233139038086,77.18666666666667
200,s10_n400,medium,6,20260707,10,400,0.27638841025994065,100.0,0.0,27,9.369915962219238,0.04684957981109619,77.13
20,s10_n400,medium,7,20260708,10,400,0.26513876052960406,97.21288994706681,0.014452226731029487,12,0.42386865615844727,0.021193432807922363,75.25
50,s10_n400,medium,7,20260708,10,400,0.26976666677143524,98.90970764084285,0.006455066291219748,20,1.0397310256958008,0.020794620513916017,75.78
100,s10_n400,medium,7,20260708,10,400,0.2706359992698858,99.22844762563601,0.004867781754460514,24,4.677305698394775,0.04677305698394776,75.7
150,s10_n400,medium,7,20260708,10,400,0.2718484510649074,99.67299199432857,0.0029247725691803794,28,7.007369041442871,0.04671579360961914,75.7
200,s10_n400,medium,7,20260708,10,400,0.2727403337910993,100.0,0.0,26,9.274233341217041,0.0463711667060852,75.72
20,s10_n400,medium,8,20260709,10,400,0.27260760632537057,97.66790433499774,0.01134530760922527,12,0.45006275177001953,0.022503137588500977,81.4
50,s10_n400,medium,8,20260709,10,400,0.2757197119348356,98.7828872844568,0.004173583285414057,20,1.0980498790740967,0.021960997581481935,81.36
100,s10_n400,medium,8,20260709,10,400,0.2784950026595764,99.77719860489103,0.002864897536194709,27,4.769784212112427,0.04769784212112427,81.51
150,s10_n400,medium,8,20260709,10,400,0.2788224539160432,99.89451550012397,0.0014775228082197576,30,7.23613166809082,0.04824087778727214,81.46
200,s10_n400,medium,8,20260709,10,400,0.27911687895988363,100.0,0.0,31,9.556232690811157,0.04778116345405579,81.48
20,s10_n400,medium,9,20260710,10,400,0.2639243875613858,99.05768831249382,0.020095214824798535,11,0.4373502731323242,0.02186751365661621,78.25
50,s10_n400,medium,9,20260710,10,400,0.26341169672165055,98.86526210333437,0.0112923474000601,18,1.0699517726898193,0.021399035453796386,77.96
100,s10_n400,medium,9,20260710,10,400,0.2664206077153068,99.99458467228534,0.009474199345282786,23,4.7479798793792725,0.04747979879379272,78.01
150,s10_n400,medium,9,20260710,10,400,0.2665324770204073,100.03657213262869,0.011438405540012879,25,7.116018295288086,0.04744012196858724,78.04
200,s10_n400,medium,9,20260710,10,400,0.2664350360456553,100.0,0.0,30,9.492281198501587,0.047461405992507935,78.035
20,s15_n400,large,0,20260701,15,400,0.3606798719808384,98.01579302167836,0.013534970433068191,14,0.7336041927337646,0.036680209636688235,107.55
50,s15_n400,large,0,20260701,15,400,0.36252562935434984,98.51738289886438,0.010079548433010612,18,1.8623337745666504,0.03724667549133301,107.3
100,s15_n400,large,0,20260701,15,400,0.36675959261813346,99.66797459849337,0.0037898252303587817,27,7.148235082626343,0.07148235082626343,107.37
150,s15_n400,large,0,20260701,15,400,0.3660220581679936,99.46754748950542,0.0030851080576664784,30,10.77147388458252,0.0718098258972168,107.32
200,s15_n400,large,0,20260701,15,400,0.3679813842867813,100.0,0.0,28,14.366491794586182,0.0718324589729309,107.34
20,s15_n400,large,1,20260702,15,400,0.3555435665486171,96.61769233383738,0.009653676967233831,15,0.7395331859588623,0.03697665929794312,110.9
50,s15_n400,large,1,20260702,15,400,0.36356636039258733,98.79785786122719,0.005339729529099907,21,1.8916747570037842,0.03783349514007568,110.74
100,s15_n400,large,1,20260702,15,400,0.3677830228703119,99.94372080540374,0.0016124559517696703,26,7.219233512878418,0.07219233512878417,110.85
150,s15_n400,large,1,20260702,15,400,0.3652406026594452,99.25282720802724,0.0022791520947664035,28,10.885275840759277,0.07256850560506185,110.82666666666667
200,s15_n400,large,1,20260702,15,400,0.36799012474871423,100.0,0.0,31,14.533738136291504,0.07266869068145752,110.88
20,s15_n400,large,2,20260703,15,400,0.368590997093383,97.29185377198057,0.010755891970266796,14,0.7451784610748291,0.037258923053741455,111.4
50,s15_n400,large,2,20260703,15,400,0.3757409963453451,99.17913991618181,0.008347089377295659,21,1.8968074321746826,0.03793614864349365,111.58
100,s15_n400,large,2,20260703,15,400,0.3788761997093734,100.00669606824158,0.003141295339142224,33,7.874907732009888,0.07874907732009888,111.57
150,s15_n400,large,2,20260703,15,400,0.3785642962545402,99.92436723884013,0.0012552342084553713,35,11.320852756500244,0.07547235171000163,111.66
200,s15_n400,large,2,20260703,15,400,0.3788508315991558,100.00000000000001,0.0,35,15.489138126373291,0.07744569063186646,111.66
20,s15_n400,large,3,20260704,15,400,0.3433491160862575,98.07001553598177,0.012729908598143068,11,0.7357468605041504,0.03678734302520752,107.95
50,s15_n400,large,3,20260704,15,400,0.3483053598571726,99.4856560046517,0.004608533173512993,26,1.8434138298034668,0.03686827659606934,107.88
100,s15_n400,large,3,20260704,15,400,0.34775667628818513,99.32893678327055,0.00338479851664948,35,7.219854116439819,0.0721985411643982,107.81
150,s15_n400,large,3,20260704,15,400,0.34940239713312127,99.79900022968475,0.002713086014872546,37,10.667204141616821,0.07111469427744548,107.87333333333333
200,s15_n400,large,3,20260704,15,400,0.35010610960929556,100.0,0.0,42,14.40595531463623,0.07202977657318116,107.91
20,s15_n400,large,4,20260705,15,400,0.3807734917066863,98.32793962151285,0.012192100264844002,12,0.7555882930755615,0.03777941465377808,112.1
50,s15_n400,large,4,20260705,15,400,0.3840386410177472,99.17110599550125,0.007282677278294822,21,1.9032745361328125,0.03806549072265625,111.98
100,s15_n400,large,4,20260705,15,400,0.386840643204195,99.89467291339113,0.0024584886585866206,30,7.463428258895874,0.07463428258895874,111.81
150,s15_n400,large,4,20260705,15,400,0.386453874896314,99.79479691978041,0.004708960181382015,29,11.098519086837769,0.07399012724558512,111.76666666666667
200,s15_n400,large,4,20260705,15,400,0.387248520789078,100.0,0.0,29,14.772473812103271,0.07386236906051635,111.905
20,s15_n400,large,5,20260706,15,400,0.38251115675777064,98.79233266009356,0.011926908408688363,12,0.739180326461792,0.0369590163230896,114.75
50,s15_n400,large,5,20260706,15,400,0.38536154712694515,99.52851174555992,0.009573199809131822,20,1.9867348670959473,0.039734697341918944,115.16
100,s15_n400,large,5,20260706,15,400,0.38671895888414254,99.8790946540702,0.005026838541710336,29,7.512186288833618,0.07512186288833618,115.08
150,s15_n400,large,5,20260706,15,400,0.3872052241707731,100.00468388489172,0.0026910654907195946,31,11.29246187210083,0.07528307914733887,115.10666666666667
200,s15_n400,large,5,20260706,15,400,0.38718708877321933,99.99999999999999,0.0,34,15.037578821182251,0.07518789410591126,115.095
20,s15_n400,large,6,20260707,15,400,0.3819166405698625,99.23841238875634,0.011111912231010417,12,0.7107882499694824,0.03553941249847412,113.6
50,s15_n400,large,6,20260707,15,400,0.38136687148205956,99.09555867237317,0.00610558300829383,21,1.9463353157043457,0.038926706314086915,113.3
100,s15_n400,large,6,20260707,15,400,0.3823458366496766,99.34993603826445,0.006395465665407283,28,7.348465442657471,0.0734846544265747,113.11
150,s15_n400,large,6,20260707,15,400,0.3817394671507646,99.19237509432861,0.003308342058628448,35,11.088346242904663,0.0739223082860311,113.07333333333334
200,s15_n400,large,6,20260707,15,400,0.384847592153876,100.0,0.0,40,14.801033735275269,0.07400516867637634,113.15
20,s15_n400,large,7,20260708,15,400,0.39423276581620825,98.63497579390128,0.009575954726039329,13,0.7670674324035645,0.038353371620178225,112.95
50,s15_n400,large,7,20260708,15,400,0.3982823491291698,99.64816035562177,0.005720979241930989,22,1.698209285736084,0.03396418571472168,113.3
100,s15_n400,large,7,20260708,15,400,0.3991035900964663,99.85363054976592,0.0029005010823726753,32,7.375472784042358,0.07375472784042358,113.34
150,s15_n400,large,7,20260708,15,400,0.39933880480196604,99.91248003868475,0.002045033403545811,34,11.106205701828003,0.07404137134552002,113.42
200,s15_n400,large,7,20260708,15,400,0.3996886121206755,100.0,0.0,41,14.878976345062256,0.07439488172531128,113.48
20,s15_n400,large,8,20260709,15,400,0.3764959737591332,99.17214298168119,0.006920092833908627,15,0.7886557579040527,0.03943278789520264,113.15
50,s15_n400,large,8,20260709,15,400,0.3787071133083598,99.75457536558935,0.005266934755863501,27,1.898247241973877,0.03796494483947754,113.16
100,s15_n400,large,8,20260709,15,400,0.379226549085678,99.8913990310954,0.0052156967186376985,31,7.381272554397583,0.07381272554397583,113.08
150,s15_n400,large,8,20260709,15,400,0.3791869992682712,99.8809812831774,0.0020125897712313786,38,11.133498668670654,0.07422332445780436,112.98666666666666
200,s15_n400,large,8,20260709,15,400,0.37963884054484787,100.0,0.0,42,14.71692180633545,0.07358460903167724,112.945
20,s15_n400,large,9,20260710,15,400,0.36473586494328625,97.99746738495504,0.00936645562179802,13,0.731410026550293,0.036570501327514646,107.6
50,s15_n400,large,9,20260710,15,400,0.3678231707489686,98.82696669960782,0.007168415337111066,22,1.8601515293121338,0.03720303058624268,107.64
100,s15_n400,large,9,20260710,15,400,0.3687008771037704,99.06278940898584,0.0029436055704152564,34,7.25733757019043,0.0725733757019043,107.52
150,s15_n400,large,9,20260710,15,400,0.3706161019983168,99.57737326864368,0.0026390955877512,34,10.852478265762329,0.0723498551050822,107.69333333333333
200,s15_n400,large,9,20260710,15,400,0.3721890725099309,100.0,0.0,38,14.580919742584229,0.07290459871292114,107.63
20,s20_n600,large,0,20260701,20,600,0.2696932042522837,98.10147206782366,0.013077153731572432,11,1.2881031036376953,0.06440515518188476,117.4
50,s20_n600,large,0,20260701,20,600,0.27402444097444223,99.67696856391073,0.005005037779844146,26,3.2269349098205566,0.06453869819641113,117.62
100,s20_n600,large,0,20260701,20,600,0.27441768332804933,99.8200112997306,0.0033883529161361854,30,13.091094255447388,0.13091094255447389,117.52
150,s20_n600,large,0,20260701,20,600,0.27479451141506545,99.95708331144581,0.002416799193849659,38,19.391911268234253,0.12927940845489502,117.47333333333333
200,s20_n600,large,0,20260701,20,600,0.2749124947542357,100.0,0.0,37,25.8577938079834,0.129288969039917,117.545
20,s20_n600,large,1,20260702,20,600,0.3469943102036561,99.25995897881161,0.009478661565849297,13,1.6731197834014893,0.08365598917007447,151.95
50,s20_n600,large,1,20260702,20,600,0.34750183450137545,99.4051395754122,0.004793093136348051,21,4.114603281021118,0.08229206562042236,152.7
100,s20_n600,large,1,20260702,20,600,0.34895569752284855,99.82102646355031,0.0029948199370729164,32,14.94145679473877,0.1494145679473877,152.39
150,s20_n600,large,1,20260702,20,600,0.3493462573027216,99.93274860592844,0.0017874404450530287,36,22.41196608543396,0.1494131072362264,152.46
200,s20_n600,large,1,20260702,20,600,0.3495813556378023,100.0,0.0,37,29.943753480911255,0.14971876740455628,152.48
20,s20_n600,large,2,20260703,20,600,0.3148004268954339,98.31598246292987,0.008469776467866388,14,1.3951756954193115,0.06975878477096557,129.7
50,s20_n600,large,2,20260703,20,600,0.3194605228316093,99.77138681182161,0.0052768731535738946,24,3.532602071762085,0.0706520414352417,129.72
100,s20_n600,large,2,20260703,20,600,0.319133028414599,99.66910634264617,0.0025860284644978523,32,13.782000303268433,0.13782000303268432,129.75
150,s20_n600,large,2,20260703,20,600,0.3193240542642315,99.72876602693457,0.0018171100697769583,42,20.65889573097229,0.13772597153981528,129.62666666666667
200,s20_n600,large,2,20260703,20,600,0.32019252517171326,100.0,0.0,39,27.25175189971924,0.1362587594985962,129.72
20,s20_n600,large,3,20260704,20,600,0.3254702129424957,98.8931990236532,0.010201627147411373,16,1.5860323905944824,0.07930161952972412,143.3
50,s20_n600,large,3,20260704,20,600,0.3237234920718871,98.36246285233302,0.00511255186245682,27,3.9288265705108643,0.07857653141021728,143.56
100,s20_n600,large,3,20260704,20,600,0.3278279276865057,99.6095839466003,0.008795045645209209,27,14.49819803237915,0.1449819803237915,143.46
150,s20_n600,large,3,20260704,20,600,0.329701099403522,100.17874184815334,0.00732076208319161,42,21.80891251564026,0.1453927501042684,143.68
200,s20_n600,large,3,20260704,20,600,0.32911283703609384,100.0,0.0,44,29.017923831939697,0.14508961915969848,143.625
20,s20_n600,large,4,20260705,20,600,0.3230970976074539,99.25269837911878,0.0102155571314147,13,1.490661859512329,0.07453309297561646,138.8
50,s20_n600,large,4,20260705,20,600,0.3213622343279985,98.71976303838107,0.007585514177683488,23,3.7092368602752686,0.07418473720550538,138.94
100,s20_n600,large,4,20260705,20,600,0.32502497911264217,99.84492728789594,0.0032667418849115113,35,14.214862585067749,0.1421486258506775,138.95
150,s20_n600,large,4,20260705,20,600,0.3247189982242956,99.75093254437853,0.0016727540685670648,45,21.41134524345398,0.14274230162302654,138.96
200,s20_n600,large,4,20260705,20,600,0.32552978698202173,100.0,0.0,39,28.619669198989868,0.14309834599494933,138.995
20,s20_n600,large,5,20260706,20,600,0.3284920349838665,98.40709360625137,0.009021656808044136,13,1.510791540145874,0.0755395770072937,138.15
50,s20_n600,large,5,20260706,20,600,0.33163481090381824,99.34858201754069,0.0070420589336224245,20,3.7492263317108154,0.07498452663421631,138.02
100,s20_n600,large,5,20260706,20,600,0.3331102886912345,99.79059419828458,0.00432697567794209,28,14.212544441223145,0.14212544441223143,138.46
150,s20_n600,large,5,20260706,20,600,0.3338659981802504,100.01698378008487,0.0030847887734033346,38,21.209064722061157,0.14139376481374105,138.44
200,s20_n600,large,5,20260706,20,600,0.3338093047420302,100.0,0.0,42,28.37741732597351,0.14188708662986754,138.43
20,s20_n600,large,6,20260707,20,600,0.2663134863866,98.30275520735628,0.009802502674048115,12,1.276639461517334,0.0638319730758667,116.95
50,s20_n600,large,6,20260707,20,600,0.26825614858425817,99.01983885587174,0.005327724668829821,22,3.137233018875122,0.06274466037750244,117.28
100,s20_n600,large,6,20260707,20,600,0.2704950091595233,99.84625649644964,0.003102436388581192,38,12.851417541503906,0.12851417541503907,117.1
150,s20_n600,large,6,20260707,20,600,0.2712199785136445,100.11386023638023,0.0026363096744334933,36,19.147480487823486,0.12764986991882324,117.12666666666667
200,s20_n600,large,6,20260707,20,600,0.27091151801884694,100.0,0.0,39,25.483543634414673,0.12741771817207337,117.075
20,s20_n600,large,7,20260708,20,600,0.30671050867419203,98.42763822191098,0.009530555256093134,15,1.5156691074371338,0.07578345537185668,137.9
50,s20_n600,large,7,20260708,20,600,0.3091012237908767,99.19485172109582,0.004943905588564883,25,3.733510732650757,0.07467021465301514,137.96
100,s20_n600,large,7,20260708,20,600,0.3101796005623776,99.54091772056555,0.00495357421982461,39,14.177404642105103,0.14177404642105101,138.28
150,s20_n600,large,7,20260708,20,600,0.3109118811858954,99.77591668620286,0.003677004778744333,36,21.262596607208252,0.141750644048055,138.26
200,s20_n600,large,7,20260708,20,600,0.31161014753061017,100.0,0.0,46,28.12891960144043,0.14064459800720214,138.265
20,s20_n600,large,8,20260709,20,600,0.30667002442557745,98.59884356776669,0.014380348219845698,13,1.4326579570770264,0.07163289785385132,131.6
50,s20_n600,large,8,20260709,20,600,0.30833914000296336,99.13548834098656,0.006981309124728328,23,3.567732334136963,0.07135464668273926,131.02
100,s20_n600,large,8,20260709,20,600,0.308930233096516,99.3255333105735,0.00444381191927694,34,13.67697811126709,0.1367697811126709,131.15
150,s20_n600,large,8,20260709,20,600,0.31018673426332743,99.72951658941274,0.005026593473494664,33,20.68056631088257,0.13787044207255045,131.04
200,s20_n600,large,8,20260709,20,600,0.31102801344196707,100.0,0.0,32,27.754287481307983,0.1387714374065399,131.08
20,s20_n600,large,9,20260710,20,600,0.23757879150791117,96.95928576368934,0.014961991599695018,13,1.1546401977539062,0.057732009887695314,104.8
50,s20_n600,large,9,20260710,20,600,0.2426724015489975,99.03806050788212,0.00473355183153664,30,2.8963422775268555,0.05792684555053711,105.06
100,s20_n600,large,9,20260710,20,600,0.24453152497321495,99.79679523422098,0.003331042604121532,33,12.139026641845703,0.12139026641845703,104.82
150,s20_n600,large,9,20260710,20,600,0.24539822865893782,100.15050934229888,0.0022706221093143626,42,18.302616834640503,0.12201744556427002,104.88666666666667
200,s20_n600,large,9,20260710,20,600,0.2450294364656747,100.0,0.0,48,24.3868887424469,0.1219344437122345,104.865
20,s20_n800,large,0,20260701,20,800,0.2363169150816267,98.6233862378037,0.01115142234579151,14,1.7694785594940186,0.08847392797470092,131.2
50,s20_n800,large,0,20260701,20,800,0.2379653796846251,99.31134867665284,0.006163835723450017,27,4.4321770668029785,0.08864354133605958,130.7
100,s20_n800,large,0,20260701,20,800,0.23882200646948837,99.66884925690557,0.003978396624528385,37,17.810111045837402,0.178101110458374,130.87
150,s20_n800,large,0,20260701,20,800,0.23932874893935951,99.88033076812934,0.0029202700728788596,43,26.578287601470947,0.1771885840098063,130.83333333333334
200,s20_n800,large,0,20260701,20,800,0.23961549496162318,100.0,0.0,51,35.74121046066284,0.1787060523033142,130.87
20,s20_n800,large,1,20260702,20,800,0.22073401596978942,97.77956145060487,0.008390151210007376,13,1.6644132137298584,0.08322066068649292,122.75
50,s20_n800,large,1,20260702,20,800,0.22237536426135654,98.50663704623531,0.005329029225031358,26,4.137460708618164,0.08274921417236328,122.62
100,s20_n800,large,1,20260702,20,800,0.22383452642315535,99.15300881471494,0.0028838966933471496,39,17.1289005279541,0.17128900527954102,122.56
150,s20_n800,large,1,20260702,20,800,0.2256836093791335,99.97210558929669,0.0021019240324630633,37,25.577524662017822,0.1705168310801188,122.55333333333333
200,s20_n800,large,1,20260702,20,800,0.22574658005732337,100.0,0.0,42,34.08099365234375,0.17040496826171875,122.55
20,s20_n800,large,2,20260703,20,800,0.22606659542524649,98.65100896274299,0.011664811453690502,12,1.6587586402893066,0.08293793201446534,124.4
50,s20_n800,large,2,20260703,20,800,0.2275857869537695,99.3139542192703,0.005311176530002911,27,4.163604974746704,0.08327209949493408,124.36
100,s20_n800,large,2,20260703,20,800,0.22830479215234586,99.62771392426161,0.003647340296832917,37,17.22106695175171,0.1722106695175171,124.32
150,s20_n800,large,2,20260703,20,800,0.22888638158226873,99.88150809476271,0.00283335299330449,43,25.74120259284973,0.17160801728566488,124.30666666666667
200,s20_n800,large,2,20260703,20,800,0.22915791516194617,100.0,0.0,45,34.21329689025879,0.17106648445129394,124.25
20,s20_n800,large,3,20260704,20,800,0.24849991627860246,96.87496853752914,0.013809948338688934,12,1.8416345119476318,0.09208172559738159,137.0
50,s20_n800,large,3,20260704,20,800,0.2543896100552849,99.17100109905368,0.005436436237254621,26,4.583658218383789,0.09167316436767578,137.28
100,s20_n800,large,3,20260704,20,800,0.2543589277201991,99.15903992703154,0.004041495782490536,34,18.041443824768066,0.18041443824768066,137.26
150,s20_n800,large,3,20260704,20,800,0.2569798806607966,100.18078970248848,0.0025565504619415196,37,27.159884929656982,0.18106589953104654,137.26666666666668
200,s20_n800,large,3,20260704,20,800,0.256516125919911,100.0,0.0,46,36.06471657752991,0.18032358288764955,137.345
20,s20_n800,large,4,20260705,20,800,0.24860076536994652,98.75761145340962,0.010119388030108782,15,1.8514375686645508,0.09257187843322753,136.65
50,s20_n800,large,4,20260705,20,800,0.25068741684101975,99.58654178639664,0.004745115686057583,26,4.6153459548950195,0.0923069190979004,136.72
100,s20_n800,large,4,20260705,20,800,0.2510409027730704,99.72696543424726,0.0035889702797881093,37,18.1045925617218,0.18104592561721802,136.36
150,s20_n800,large,4,20260705,20,800,0.25199325011273155,100.10528908260362,0.0013799131982271202,50,27.163931608200073,0.18109287738800048,136.30666666666667
200,s20_n800,large,4,20260705,20,800,0.2517282077920927,100.0,0.0,49,36.111432790756226,0.18055716395378113,136.415
20,s20_n800,large,5,20260706,20,800,0.19030742935731743,97.5704587510108,0.011954592195110691,13,1.3392791748046875,0.06696395874023438,99.1
50,s20_n800,large,5,20260706,20,800,0.1931249305298595,99.0149892292208,0.004760250014413847,29,3.317992925643921,0.06635985851287841,98.9
100,s20_n800,large,5,20260706,20,800,0.192607772207937,98.74984259313159,0.0022010997319376283,40,15.052030563354492,0.15052030563354493,98.88
150,s20_n800,large,5,20260706,20,800,0.19301557952057816,98.95892505885973,0.0011976031577195492,44,23.02367639541626,0.15349117596944173,98.83333333333333
200,s20_n800,large,5,20260706,20,800,0.19504615617618573,100.0,0.0,50,30.59404444694519,0.15297022223472595,98.82
20,s20_n800,large,6,20260707,20,800,0.22848767248192867,97.319016385054,0.011290932417823557,14,1.7100749015808105,0.08550374507904053,127.2
50,s20_n800,large,6,20260707,20,800,0.23175383739439287,98.71016345736501,0.006440138951886679,24,4.299881458282471,0.08599762916564942,127.7
100,s20_n800,large,6,20260707,20,800,0.23343771833730875,99.42737342888798,0.0027475724423536704,43,17.347905158996582,0.17347905158996582,127.38
150,s20_n800,large,6,20260707,20,800,0.2337898389039477,99.57735100457954,0.0020584744006825885,47,26.23457407951355,0.17489716053009033,127.27333333333333
200,s20_n800,large,6,20260707,20,800,0.23478214327392155,100.0,0.0,49,34.90599751472473,0.17452998757362365,127.365
20,s20_n800,large,7,20260708,20,800,0.22719841399374402,97.66582080383785,0.016544695322240194,12,1.653968334197998,0.0826984167098999,123.15
50,s20_n800,large,7,20260708,20,800,0.23079539125832169,99.21205403136115,0.007684858429143921,24,4.105799674987793,0.08211599349975586,123.02
100,s20_n800,large,7,20260708,20,800,0.2322440588334809,99.8347930078917,0.003853864307814766,33,17.266309022903442,0.17266309022903442,122.99
150,s20_n800,large,7,20260708,20,800,0.23250230195836513,99.9458040238377,0.00290178294582678,37,25.911468029022217,0.17274312019348145,122.94666666666667
200,s20_n800,large,7,20260708,20,800,0.23262837717820736,100.0,0.0,39,34.53024983406067,0.17265124917030333,122.81
20,s20_n800,large,8,20260709,20,800,0.23995949848345108,98.19954396793736,0.011504414483056134,16,1.8371152877807617,0.09185576438903809,136.35
50,s20_n800,large,8,20260709,20,800,0.24286372539880796,99.38805186393598,0.007452126174321425,26,4.54912257194519,0.09098245143890381,136.16
100,s20_n800,large,8,20260709,20,800,0.24394415532581826,99.83020033812544,0.0027049238574196046,35,18.306610107421875,0.18306610107421875,136.05
150,s20_n800,large,8,20260709,20,800,0.24296412534993075,99.42913892019746,0.003350724310163641,47,27.13333487510681,0.18088889916737874,136.08
200,s20_n800,large,8,20260709,20,800,0.2443590762109843,100.0,0.0,43,36.43946695327759,0.18219733476638794,135.935
20,s20_n800,large,9,20260710,20,800,0.24860076536994652,98.75761145340962,0.010119388030108782,15,1.865973711013794,0.0932986855506897,136.65
50,s20_n800,large,9,20260710,20,800,0.25068741684101975,99.58654178639664,0.004745115686057583,26,4.623733043670654,0.09247466087341309,136.72
100,s20_n800,large,9,20260710,20,800,0.2510409027730704,99.72696543424726,0.0035889702797881093,37,18.104119777679443,0.18104119777679442,136.36
150,s20_n800,large,9,20260710,20,800,0.25199325011273155,100.10528908260362,0.0013799131982271202,50,27.091079711914062,0.18060719807942707,136.30666666666667
200,s20_n800,large,9,20260710,20,800,0.2517282077920927,100.0,0.0,49,36.00542616844177,0.18002713084220887,136.415
